part,chapter,name,has_analysis,answer_pages
第一篇 内科护理学,第一章,呼吸系统疾病患者的护理,已解析 ✓,17-26
第一篇 内科护理学,第二章,循环系统疾病患者的护理,已解析 ✓,24-37
第一篇 内科护理学,第三章,消化系统疾病患者的护理,待处理,
第一篇 内科护理学,第四章,泌尿系统疾病患者的护理,待处理,
第一篇 内科护理学,第五章,血液及造血系统疾病患者的护理,待处理,
第一篇 内科护理学,第六章,内分泌代谢性疾病患者的护理,待处理,
第一篇 内科护理学,第七章,风湿性疾病患者的护理,待处理,
第一篇 内科护理学,第八章,理化因素所致疾病患者的护理,待处理,
第一篇 内科护理学,第九章,传染病患者的护理,待处理,
第二篇 外科护理学,第一章,尿路结石患者的护理,已解析 ✓,7-10
第二篇 外科护理学,第二章,前列腺增生患者的护理,待处理,
第二篇 外科护理学,第三章,气胸患者的护理,待处理,
第二篇 外科护理学,第四章,颅脑损伤患者的护理,待处理,
第二篇 外科护理学,第五章,脾破裂患者的护理,待处理,
第二篇 外科护理学,第六章,胃、十二指肠疾病患者的护理,待处理,
第二篇 外科护理学,第七章,食管癌患者的护理,待处理,
第二篇 外科护理学,第八章,急性阑尾炎患者的护理,待处理,
第二篇 外科护理学,第九章,腹外疝患者的护理,待处理,
第二篇 外科护理学,第十章,直肠癌患者的护理,待处理,
第二篇 外科护理学,第十一章,乳腺癌患者的护理,待处理,
第二篇 外科护理学,第十二章,胰腺癌患者的护理,待处理,
第二篇 外科护理学,第十三章,闭塞性脉管炎患者的护理,待处理,
第二篇 外科护理学,第十四章,肾上腺疾病患者的护理,待处理,
第二篇 外科护理学,第十五章,骨与关节损伤患者的护理,待处理,
第二篇 外科护理学,第十六章,烧伤患者的护理,待处理,
第二篇 外科护理学,第十七章,外科休克患者的护理,待处理,
第二篇 外科护理学,第十八章,急性肾衰竭患者的护理,待处理,
第二篇 外科护理学,第十九章,肾移植患者的护理,待处理,
第三篇 妇产科护理学,第一章,女性生殖系统解剖生理⋯,待处理,
第三篇 妇产科护理学,第二章,正常产褥期妇女的护理,待处理,
第三篇 妇产科护理学,第三章,胎儿宫内窘迫的护理,待处理,
第三篇 妇产科护理学,第四章,妊娠期并发症妇女的护理,待处理,
第三篇 妇产科护理学,第五章,妊娠合并心脏病妇女的护理,待处理,
第三篇 妇产科护理学,第六章,异常分娩妇女的护理,待处理,
第三篇 妇产科护理学,第七章,产后出血妇女的护理,待处理,
第三篇 妇产科护理学,第八章,女性生殖系统炎症患者的护理,待处理,
第三篇 妇产科护理学,第九章,月经失调患者的护理,待处理,
第三篇 妇产科护理学,第十章,葡萄胎患者的护理,待处理,
第三篇 妇产科护理学,第十一章,妇科腹部手术患者的护理,待处理,
第三篇 妇产科护理学,第十二章,外阴、阴道手术患者的护理,待处理,
第三篇 妇产科护理学,第十三章,计划生育妇女的护理,待处理,
第四篇 儿科护理学,第一章,小儿体格生长发育及评价,待处理,
第四篇 儿科护理学,第二章,小儿营养与喂养,待处理,
第四篇 儿科护理学,第三章,新生儿及新生儿疾病的护理,待处理,
第四篇 儿科护理学,第四章,营养性疾病患儿的护理,待处理,
第四篇 儿科护理学,第五章,小儿腹泻的护理,待处理,
第四篇 儿科护理学,第六章,小儿肺炎的护理,待处理,
第四篇 儿科护理学,第七章,先天性心脏病患儿的护理,待处理,
第四篇 儿科护理学,第八章,泌尿系统疾病患儿的护理,待处理,
第四篇 儿科护理学,第九章,营养性缺铁性贫血患儿的护理,待处理,
第四篇 儿科护理学,第十章,化脓性脑膜炎患儿的护理,待处理,
第四篇 儿科护理学,第十一章,常见传染病患儿的护理,待处理,
