question_id,question_type,question_number,group,shared_stem,question,option_A,option_B,option_C,option_D,option_E,answer,question_source,answer_source,explanation
A1-1,A1,1,,,主动脉瓣关闭不全可致,缓脉,水冲脉,奇脉,交替脉 昂,脉搏短绌,B,P1,"IMG_8651.png,IMG_8652.png,IMG_8653.png,IMG_8654.png,IMG_8655.png,IMG_8656.png,IMG_8657.png,IMG_8658.png,IMG_8659.png,IMG_8660.png,IMG_8661.png,IMG_8662.png,IMG_8663.png,IMG_8664.png",主动脉瓣关闭不全因脉压增大，出现周围血管征，包括水冲脉、随心脏搏 动的点头征、毛细血管搏动征、股动脉枪击音等。
A1-2,A1,2,,,预防阵发性夜间呼吸困难发作，最主要的护理措施是,注意保暖,睡前给小量镇静药,夜间继续吸氧,夜间睡眠应保持半卧位,保持安静，减少声光刺激,D,P1,"IMG_8651.png,IMG_8652.png,IMG_8653.png,IMG_8654.png,IMG_8655.png,IMG_8656.png,IMG_8657.png,IMG_8658.png,IMG_8659.png,IMG_8660.png,IMG_8661.png,IMG_8662.png,IMG_8663.png,IMG_8664.png",预防阵发性夜间呼吸困难发作，最主要的护理措施是夜间睡眠应保持半卧 位。阵发性夜间呼吸困难：常发生在夜间，于睡眠中突然因憋气而惊醒，并被迫坐起，呼吸 深快，重者可有哮鸣音，称为“心源性哮喘” ’，重症者可发展成急性肺水肿。
A1-3,A1,3,,,下列有关心悸的叙述错误的是,心悸常使患者感到不安,心悸的出现表明心脏有器质性病变,各种心律失常也可以使患者感到心悸,贫血、高热的患者可出现心悸,心悸是指患者自觉心悸并伴有心前区不适感,B,P1,"IMG_8651.png,IMG_8652.png,IMG_8653.png,IMG_8654.png,IMG_8655.png,IMG_8656.png,IMG_8657.png,IMG_8658.png,IMG_8659.png,IMG_8660.png,IMG_8661.png,IMG_8662.png,IMG_8663.png,IMG_8664.png",心悸是指患者自觉心悸伴心前区不适感。常见的病因有心律失常（如心动 过速、心动过缓、期前收缩等），心脏搏动增强，如各种器质性心血管疾病（如二尖瓣、主 动脉瓣关闭不全等）及全身性疾病（如甲状腺功能亢进症、贫血、低热、低血糖反应），心 血管神经症等。
A1-4,A1,4,,,心脏传导系统中自律性最高的是,房室结,结间束,房室束,窦房结,浦肯野细胞,D,P1,"IMG_8651.png,IMG_8652.png,IMG_8653.png,IMG_8654.png,IMG_8655.png,IMG_8656.png,IMG_8657.png,IMG_8658.png,IMG_8659.png,IMG_8660.png,IMG_8661.png,IMG_8662.png,IMG_8663.png,IMG_8664.png",心脏传导系统包括窦房结、结间束、房室结、房氏束、左右束支、浦肯野 纤维。心脏传导系统的功能是发生冲动并传导到心脏各部，使心房肌和心室肌按一定节律性 收缩。心脏传导系统的细胞均能发出冲动，但以窦房结的自律性最高，成为正常人心脏的起 搏点。
A1-5,A1,5,,,由于心排血量突然下降出现的晕厥称为,心搏骤停,阿-斯综合征,脑卒中,低血糖综合征,急性心肌梗死,B,P1,"IMG_8651.png,IMG_8652.png,IMG_8653.png,IMG_8654.png,IMG_8655.png,IMG_8656.png,IMG_8657.png,IMG_8658.png,IMG_8659.png,IMG_8660.png,IMG_8661.png,IMG_8662.png,IMG_8663.png,IMG_8664.png",晕厥是指暂时性广泛脑组织缺血、缺氧引起的急剧而短暂的可逆性意识丧 失。一般脑血流中断2~4秒即可产生黑矇；中断5~10 秒可出现意识丧失，超过10秒则除 意识丧失外，尚可出现抽搐。这类由于心排血量突然下降而产生的晕厥称阿-斯综合征。
A1-6,A1,6,,,电复律治疗，术后护理不恰当的是,持续24小时心电监护,按时服用抗心律失常药,常规低流量吸氧,禁食至清醒后2小时,术后应立即下床活动 冠心 病3 —29-,E,P1,"IMG_8651.png,IMG_8652.png,IMG_8653.png,IMG_8654.png,IMG_8655.png,IMG_8656.png,IMG_8657.png,IMG_8658.png,IMG_8659.png,IMG_8660.png,IMG_8661.png,IMG_8662.png,IMG_8663.png,IMG_8664.png",患者应绝对卧床休息24小时，清醒后2小时内避免进食，以免引起恶心、呕吐，遵医嘱继续服用抗心律失常的药物，并持续心电监测24小时。
A1-7,A1,7,,,心源性水肿的特点是,面部水肿明显,踝部水肿明显,腹部水肿明显,腰背部水肿明显,水肿以足部、眼睑水肿明显,B,P2,"IMG_8651.png,IMG_8652.png,IMG_8653.png,IMG_8654.png,IMG_8655.png,IMG_8656.png,IMG_8657.png,IMG_8658.png,IMG_8659.png,IMG_8660.png,IMG_8661.png,IMG_8662.png,IMG_8663.png,IMG_8664.png",心源性水肿的特点为从身体下垂部位开始，以踝内侧、胫前部明显，可呈 凹陷性，逐渐延及全身，久病卧床者出现背部、骶尾部及会阴部水肿。
A1-8,A1,8,,,引起心前区疼痛最常见原因是,心血管神经官能症,急性心包炎,胸膜炎,心绞痛、急性心肌梗死,心律失常,D,P2,"IMG_8651.png,IMG_8652.png,IMG_8653.png,IMG_8654.png,IMG_8655.png,IMG_8656.png,IMG_8657.png,IMG_8658.png,IMG_8659.png,IMG_8660.png,IMG_8661.png,IMG_8662.png,IMG_8663.png,IMG_8664.png",心前区疼痛：因各种理化因素刺激了支配心脏、主动脉或肋间神经的传入 纤维，引起心前区或胸骨后疼痛。心绞痛、心肌梗死是引起心前区疼痛最常见的原因。
A1-9,A1,9,,,关于冠心病患者保持大便通畅的叙述，错误的是,用力排便可诱发严重心律失常,饮食中需增加粗纤维食物,卧床会使肠蠕动减慢,用力排便可诱发和加重心力衰竭,便秘时采用大量不保留灌肠以导泻,E,P2,"IMG_8651.png,IMG_8652.png,IMG_8653.png,IMG_8654.png,IMG_8655.png,IMG_8656.png,IMG_8657.png,IMG_8658.png,IMG_8659.png,IMG_8660.png,IMG_8661.png,IMG_8662.png,IMG_8663.png,IMG_8664.png",大量不保留灌肠是将 500~1000ml溶液通过肛管，由肛门经直肠灌入结肠， 刺激肠蟎动，清除肠腔粪便和积气，其目的是解除便秘、清洁肠道、稀释和清除肠道内的有 害物质、降温等。冠心病（尤其是心肌梗死）是中老年人常见病，急性期一般都要求患者 —52- 第二章 循环系统疾病患者的护理 卧床休息，却更加剧了便秘。若用力排便，易加重病情，造成心律失常！心力衰竭、心绞痛 甚至弹死等不良后果。为了解除患者的痛苦，采用大量肥皂水不保留灌肠，患者往往不能耐 受，且排完1次便后，大便干燥还需灌肠，易形成治疗措施与卧床休息之间的矛盾。
A1-10,A1,10,,,急性心肌梗死24小时内的主要死亡原因为,室壁瘤,心律失常,心源性休克,心力衰竭,心脏破裂,B,P2,"IMG_8651.png,IMG_8652.png,IMG_8653.png,IMG_8654.png,IMG_8655.png,IMG_8656.png,IMG_8657.png,IMG_8658.png,IMG_8659.png,IMG_8660.png,IMG_8661.png,IMG_8662.png,IMG_8663.png,IMG_8664.png",急性心肌梗死有75%~95%的患者发生心律失常，是急性心肌梗死患者死 亡的主要原因。
A1-11,A1,11,,,急性心肌梗死患者入院后第1周绝对卧床的目的是,增加安全感,任何患者均应如此,避免血压下降,避免增加心脏负担,避免体力消耗过多,D,P2,"IMG_8651.png,IMG_8652.png,IMG_8653.png,IMG_8654.png,IMG_8655.png,IMG_8656.png,IMG_8657.png,IMG_8658.png,IMG_8659.png,IMG_8660.png,IMG_8661.png,IMG_8662.png,IMG_8663.png,IMG_8664.png",本题实际考查了急性心肌梗死患者在急性期绝对卧床休息的目的。绝对 卧床休息是治疗心肌梗死的重要一环，在发病的急性期内患者应绝对卧床休息，以减轻心脏 负荷，减少耗氧量，防止病情加重。一切日常生活均由护士协助完成（如洁面、刷牙、进 食、排便、翻身等）。
A1-12,A1,12,,,某男性冠心病患者，日常活动时即感心悸、气急，应指导其,限制活动，多卧床休息,绝对卧床休息,照常活动，增加午休,活动不受限制,起床稍微活动，增加间歇休息,E,P2,"IMG_8651.png,IMG_8652.png,IMG_8653.png,IMG_8654.png,IMG_8655.png,IMG_8656.png,IMG_8657.png,IMG_8658.png,IMG_8659.png,IMG_8660.png,IMG_8661.png,IMG_8662.png,IMG_8663.png,IMG_8664.png",该患者日常活动后出现心悸、气急，按心功能分级属于心功能I级，其 休息应充分，限制体力活动，可增加午睡及夜间睡眠时间。
A1-13,A1,13,,,关于急性心肌梗死患者的处理原则，下列哪项不妥,心电监护,扩容升压,抗凝治疗,减轻疼痛,消除恶性心律失常,B,P2,"IMG_8651.png,IMG_8652.png,IMG_8653.png,IMG_8654.png,IMG_8655.png,IMG_8656.png,IMG_8657.png,IMG_8658.png,IMG_8659.png,IMG_8660.png,IMG_8661.png,IMG_8662.png,IMG_8663.png,IMG_8664.png",此题考查心梗的处理原则。急性心梗患者应绝对卧床休息，采取心电监 护，注意观察患者的心电图，及时发现并消除危险的心律失常。对于患者首要症状疼痛，应 给予吗啡肌内注射以减轻疼痛。心梗发病时间不足6小时，具有溶栓指征的患者可以采用溶 栓和抗凝治疗。心梗疼痛时可有血压的下降，如果疼痛消除后收缩压仍然低于80mmHg，才 可能是发生了心源性休克，否则不必急于扩容升压。
A1-14,A1,14,,,冠心病最常见的病因是,冠脉痉挛,冠状动脉粥样硬化,肥厚型心肌病,重度主动脉瓣病变,冠状动脉栓塞,B,P2,"IMG_8651.png,IMG_8652.png,IMG_8653.png,IMG_8654.png,IMG_8655.png,IMG_8656.png,IMG_8657.png,IMG_8658.png,IMG_8659.png,IMG_8660.png,IMG_8661.png,IMG_8662.png,IMG_8663.png,IMG_8664.png",冠状动脉粥样硬化性心脏病是冠状动脉粥样硬化后造成管腔狭窄、阻塞 和/或冠状动脉功能性痉挛，导致心肌缺血、缺氧引起的心脏病，简称冠心病，又称缺血性 心脏病，是动脉硬化引起器官病变的最常见类型。
A1-15,A1,15,,,心绞痛发作的首要护理措施是,建立静脉通路,立即描记心电图 —30 |,,,,E,P2,"IMG_8651.png,IMG_8652.png,IMG_8653.png,IMG_8654.png,IMG_8655.png,IMG_8656.png,IMG_8657.png,IMG_8658.png,IMG_8659.png,IMG_8660.png,IMG_8661.png,IMG_8662.png,IMG_8663.png,IMG_8664.png",心绞痛发作时立刻休息，一般在停止活动后3~5分钟症状即可消失，同 时舌下含服硝酸甘油。
A1-16,A1,16,,,急性心肌梗死患者最早出现、最突出的症状是,疼痛,心源性休克,胃肠道症状,心律失常,心力衰竭,A,P3,"IMG_8651.png,IMG_8652.png,IMG_8653.png,IMG_8654.png,IMG_8655.png,IMG_8656.png,IMG_8657.png,IMG_8658.png,IMG_8659.png,IMG_8660.png,IMG_8661.png,IMG_8662.png,IMG_8663.png,IMG_8664.png",疼痛为最早、最突出的症状，其性质和部位与心绞痛相似，但程度更剧 烈，伴烦躁、大汗、濒死感。一般无明显的诱因，疼痛可持续数小时或数天，经休息和含服 硝酸甘油无效。
A1-17,A1,17,,,能明确心绞痛患者缺血心肌的部位和范围的检查是,心电图,心脏M超声,动态心电图,选择性冠状动脉造影,放射性核素心肌显影,D,P3,"IMG_8651.png,IMG_8652.png,IMG_8653.png,IMG_8654.png,IMG_8655.png,IMG_8656.png,IMG_8657.png,IMG_8658.png,IMG_8659.png,IMG_8660.png,IMG_8661.png,IMG_8662.png,IMG_8663.png,IMG_8664.png",选择性冠状动脉造影可使左、右冠状动脉及其主要分支得到清晰的显影， 发现各支动脉狭窄性病变的部位并估计其程度。
A1-18,A1,18,,,典型心绞痛发作的疼痛部位在,心尖区且向左上肢放射,胸骨后且向左上肢前区内侧放射二,剑突附近向左上肢前外放射,心前区且向上胸放射,胸骨上段且向左肩背部放射,B,P3,"IMG_8651.png,IMG_8652.png,IMG_8653.png,IMG_8654.png,IMG_8655.png,IMG_8656.png,IMG_8657.png,IMG_8658.png,IMG_8659.png,IMG_8660.png,IMG_8661.png,IMG_8662.png,IMG_8663.png,IMG_8664.png",心绞痛疼痛部位：胸骨体中上段、胸骨后可波及心前区，甚至整个前胸， 边界表达不清。可放射至左肩、左臂内侧，甚至可达左手环指和小指，也可向上放射可至 颈、咽部和下颌部，也可放射至上腹部甚至下腹部。
A1-19,A1,19,,,缓解急性心肌梗死时的疼痛宜用,休息和吸氧,硝酸异山梨酯,硝酸甘油,亚硝酸异戊酯,哌替啶,E,P3,"IMG_8651.png,IMG_8652.png,IMG_8653.png,IMG_8654.png,IMG_8655.png,IMG_8656.png,IMG_8657.png,IMG_8658.png,IMG_8659.png,IMG_8660.png,IMG_8661.png,IMG_8662.png,IMG_8663.png,IMG_8664.png",急性心肌梗死解除疼痛，可用哌替啶 50~100mg 肌内注射或吗啡2~4mg 静脉滴注，必要时5~10分钟可重复使用1次，以后每4~6小时重复使用，用药期间要注意 防止呼吸抑制。疼痛轻的患者可应用可待因或罂粟碱30~60mg肌内注射或口服，也可用硝 酸甘油静脉滴注，但需注意心率、血压变化，防止心率增快、血压下降。
A1-20,A1,20,,,急性心肌梗死的正确护理措施是,绝对卧床休息,高蛋白高脂肪饮食,不必减少或停止探视,出现心前区疼痛可以不处理,预防压疮每2小时翻身1次,A,P3,"IMG_8651.png,IMG_8652.png,IMG_8653.png,IMG_8654.png,IMG_8655.png,IMG_8656.png,IMG_8657.png,IMG_8658.png,IMG_8659.png,IMG_8660.png,IMG_8661.png,IMG_8662.png,IMG_8663.png,IMG_8664.png",急性心肌梗死急性期绝对卧床，减少心肌氧耗，避免诱因；保持安静， 第一篇内科护理学口 限制探视避免不良刺激，保证睡眠；低脂、低胆固醇清淡饮食，遵照医嘱给予吗啡。哌替啶 镇痛。
A1-21,A1,21,,,急性心肌梗死与心绞痛的疼痛主要区别是,心肌梗死疼痛程度重，持续30分钟以上,心绞痛疼痛重，持续30分钟以上,疼痛的部位不同,疼痛的性质不同,疼痛的诱因不同,A,P3,"IMG_8651.png,IMG_8652.png,IMG_8653.png,IMG_8654.png,IMG_8655.png,IMG_8656.png,IMG_8657.png,IMG_8658.png,IMG_8659.png,IMG_8660.png,IMG_8661.png,IMG_8662.png,IMG_8663.png,IMG_8664.png",急性心肌梗死与心绞痛的疼痛主要区别是心肌梗死疼痛程度重，持续 30 分钟以上。
A1-22,A1,22,,,典型心绞痛疼痛的性质是,绞痛,刺痛,隐痛,刀割样痛,压榨性痛,E,P3,"IMG_8651.png,IMG_8652.png,IMG_8653.png,IMG_8654.png,IMG_8655.png,IMG_8656.png,IMG_8657.png,IMG_8658.png,IMG_8659.png,IMG_8660.png,IMG_8661.png,IMG_8662.png,IMG_8663.png,IMG_8664.png",心绞痛疼痛性质：常为压迫感、发闷、紧缩感，也可为烧灼感，偶可伴 濒死、恐惧感。患者可因疼痛而被迫停止原来的活动，直至症状缓解。
A1-23,A1,23,,,心肌严重缺血超过多久即可发生心肌梗死,5分钟,10分钟,,,,D,P3,"IMG_8651.png,IMG_8652.png,IMG_8653.png,IMG_8654.png,IMG_8655.png,IMG_8656.png,IMG_8657.png,IMG_8658.png,IMG_8659.png,IMG_8660.png,IMG_8661.png,IMG_8662.png,IMG_8663.png,IMG_8664.png",心肌严重缺血超过1小时即可发生心肌梗死。
A1-24,A1,24,,,关于心绞痛发作时的处理方法，不妥的是,立即就地休息,立即舌下含服硝酸甘油,疼痛不缓解可以每30分钟重复服用硝酸甘油1次,可间隔含服3次硝酸甘油 E，连续含服3次硝酸甘油后胸痛不缓解，应立即叫救护车送医院救治,,C,P4,"IMG_8651.png,IMG_8652.png,IMG_8653.png,IMG_8654.png,IMG_8655.png,IMG_8656.png,IMG_8657.png,IMG_8658.png,IMG_8659.png,IMG_8660.png,IMG_8661.png,IMG_8662.png,IMG_8663.png,IMG_8664.png",心绞痛发作期治疗：即刻休息，硝酸酯类药物是最有效、作用最快终止 心绞痛发作的药物。连续含服3次硝酸甘油后胸痛不缓解，应立即要救护车送医院救治。
A1-25,A1,25,,,适宜冠心病患者的饮食是,高热量、低胆固醇饮食,高热量、低蛋白质饮食,低热量、低盐，高胆固醇饮食,低胆固醇、低盐饮食,高蛋白、低动物脂肪饮食,D,P4,"IMG_8651.png,IMG_8652.png,IMG_8653.png,IMG_8654.png,IMG_8655.png,IMG_8656.png,IMG_8657.png,IMG_8658.png,IMG_8659.png,IMG_8660.png,IMG_8661.png,IMG_8662.png,IMG_8663.png,IMG_8664.png",冠心病患者宜低胆固醇饮食。心绞痛患者饮食：宜摄入低热量、低动物 脂肪、低胆固醇、少糖、少盐、适量蛋白质食物，饮食中应有适量的纤维素和丰富的维生 素，宜少量多餐，不宜过饱，不饮浓茶、咖啡，避免辛辣刺激性食物。急性心肌梗死患者饮 食：食用低热量、低脂、低胆固醇，总热量不宜过高的饮食，以维持正常体重为度。清淡饮 食，少量多餐。避免大量刺激性食品。多食含纤维素和果胶的食物。
A1-26,A1,26,,,不属于安装永久性心脏起搏器适应证的是（,病态窦房结综合征,反复发作的颈动脉窦性晕厥,反复发作的心室停顿,完全性房室传导阻滞,外科手术前的保护性应用,E,P4,"IMG_8651.png,IMG_8652.png,IMG_8653.png,IMG_8654.png,IMG_8655.png,IMG_8656.png,IMG_8657.png,IMG_8658.png,IMG_8659.png,IMG_8660.png,IMG_8661.png,IMG_8662.png,IMG_8663.png,IMG_8664.png",本题考查了安装心脏起搏器的适应证：①严重心脏传导阻滞。②病态窦 房结综合征。③反复发作的颈动脉窦性晕厥和心室停顿。④外科手术前的保护性应用。⑤介 入性心脏病诊治。其中前3项均是安装永久起搏器的适应证，而后两项则为安装临时起搏器 的适应证。
A1-27,A1,27,,,目前我国引起心房颤动最常见的病因是,风湿性心脏病二尖瓣狭窄,情绪激动,急性酒精中毒,剧烈运动后,缩窄性心包炎,A,P4,"IMG_8651.png,IMG_8652.png,IMG_8653.png,IMG_8654.png,IMG_8655.png,IMG_8656.png,IMG_8657.png,IMG_8658.png,IMG_8659.png,IMG_8660.png,IMG_8661.png,IMG_8662.png,IMG_8663.png,IMG_8664.png",考查对于心房颤动病因的掌握，常发生于器质性心脏疾病患者，如风湿 性心脏病。
A1-28,A1,28,,,急性心肌梗死患者中50%~80%病前有先兆，其最常见表现,自发性心绞痛，逐渐心绞痛加重,新发生心绞痛，原有心绞痛加重,变异型心绞痛，持续心绞痛加重,稳定型心绞痛，逐渐心绞痛加重,混合性心绞痛，持续心绞痛加重,B,P4,"IMG_8651.png,IMG_8652.png,IMG_8653.png,IMG_8654.png,IMG_8655.png,IMG_8656.png,IMG_8657.png,IMG_8658.png,IMG_8659.png,IMG_8660.png,IMG_8661.png,IMG_8662.png,IMG_8663.png,IMG_8664.png",50%以上的急性心肌梗死患者发病数日或数周前有胸闷、心悸、乏力、恶心、大汗、烦躁、血压波动、心律失常、心绞痛等前驱症状，以新发生的心绞痛，或原有 心绞痛发作频繁且程度加重、持续时间长、服用硝酸甘油效果不好为常见。
A1-29,A1,29,,,应用硝酸甘油缓解心绞痛，正确的护理是,观察头晕、血压偏高表现,药物用温开水送服,药物置口中，立即咽下,舌下含化，药物被涎液溶解使吸收减少,口含药物时宜平卧以防低血压,E,P4,"IMG_8651.png,IMG_8652.png,IMG_8653.png,IMG_8654.png,IMG_8655.png,IMG_8656.png,IMG_8657.png,IMG_8658.png,IMG_8659.png,IMG_8660.png,IMG_8661.png,IMG_8662.png,IMG_8663.png,IMG_8664.png",应用硝酸甘油时，嘱咐患者舌下含服或嚼碎后含服，应在舌下保留一些 唾液，以利于药物迅速溶解而吸收。含药后应平卧，以防低血压的发生。服用硝酸酯类药物 后常有头胀、面红、头晕、心悸等血管扩张的表现，一般持续用药数天后可自行好转。对于 心绞痛发作频繁或含服硝酸甘油效果不好的患者，可静脉滴注硝酸甘油，但注意滴速，需监 测血压、心率变化，以免造成血压降低。青光眼、低血压者禁忌。
A1-30,A1,30,,,急性心肌梗死出现下列哪种心律失常时最需要紧急处理,心房颤动,窦性心动过速,偶发室性期前收缩,室性心动过速,二度I型房室传导阻滞,D,P4,"IMG_8651.png,IMG_8652.png,IMG_8653.png,IMG_8654.png,IMG_8655.png,IMG_8656.png,IMG_8657.png,IMG_8658.png,IMG_8659.png,IMG_8660.png,IMG_8661.png,IMG_8662.png,IMG_8663.png,IMG_8664.png",心肌梗死后的恶性心律失常易引起猝死，一旦发现必须及时处理。急性 心梗发病后 24 小时内最易发生心律失常，各种心律失常中以室性心律失常最多，尤其是室 性期前收缩。频发（每分钟5次以上）、多源、成对的或呈R-on-T现象的室早以及短阵至 性心动过速，常是心室颤动（室颤）的先兆，因此必须及时消除。
A1-31,A1,31,,,心绞痛疼痛发作时典型心电图表现是,T波高尖,ST段弓背抬高 ～32～,,,,D,P4,"IMG_8651.png,IMG_8652.png,IMG_8653.png,IMG_8654.png,IMG_8655.png,IMG_8656.png,IMG_8657.png,IMG_8658.png,IMG_8659.png,IMG_8660.png,IMG_8661.png,IMG_8662.png,IMG_8663.png,IMG_8664.png",心绞痛疼痛发作时典型心电图表现是ST段压低，T波低平或倒置。 32. 卫【解析】急性心肌模死是在冠状动脉硬化的基础上，冠状动脉血供应急剧减少或 一54— O口 第二章循环系统疾病患者的护理 中断，使相应的心肌发生严重持久的缺血导致心肌坏死。
A1-32,A1,32,,,发生急性心肌梗死的病理基础是,出血,粥样斑块破裂,血栓形成,冠状动脉痉挛,动脉粥样硬化致管腔严重狭窄和心肌供血不足,,P5,,
A1-33,A1,33,,,血压正常值力,收缩压=140mmHg且舒张压 =90mmHg,收缩压＜140mmHlg且舒张压<90mmHig,收缩压<160mmHg且舒张压<95mmHg,收缩压=160mmHg 且舒张压=95mmHlg,收缩压＜90mmHg 且舒张压<60mmHg,B,P5,"IMG_8651.png,IMG_8652.png,IMG_8653.png,IMG_8654.png,IMG_8655.png,IMG_8656.png,IMG_8657.png,IMG_8658.png,IMG_8659.png,IMG_8660.png,IMG_8661.png,IMG_8662.png,IMG_8663.png,IMG_8664.png",血压正常值为收缩压<140mmHg且舒张压<90mmHg。
A1-34,A1,34,,,原发性高血压急症患者，首选的降压药是,硝普钠,利血平,阿替洛尔,氢氯噻嗪,硝酸甘油,A,P5,"IMG_8651.png,IMG_8652.png,IMG_8653.png,IMG_8654.png,IMG_8655.png,IMG_8656.png,IMG_8657.png,IMG_8658.png,IMG_8659.png,IMG_8660.png,IMG_8661.png,IMG_8662.png,IMG_8663.png,IMG_8664.png",处理高血压急症应要求使用起效快、作用持续时间短、不良反应小的药 物，临床上降压药物首选硝普钠。硝普钠能同时直接扩张动脉和静脉，降低心脏的前后负 荷，降压效果迅速。
A1-35,A1,35,,,原发性高血压合并支气管哮喘患者降压治疗，不宜选用,卡托普利,哌唑嗪,硝苯地平,呋塞米,普萘洛尔,E,P5,"IMG_8651.png,IMG_8652.png,IMG_8653.png,IMG_8654.png,IMG_8655.png,IMG_8656.png,IMG_8657.png,IMG_8658.png,IMG_8659.png,IMG_8660.png,IMG_8661.png,IMG_8662.png,IMG_8663.png,IMG_8664.png",普萘洛尔等B受体阻断药主要不良反应有心动过缓和支气管收缩，急性 心力衰竭、病窦综合征、房室传导阻滞、外周血管病、阻塞性支气管疾病患者禁用。
A1-36,A1,36,,,急性肺水肿的给氧方式为,高压给氧,,高流量乙醇湿化给氧 产支出B.气管切开,间断低流量吸氧,持续低流量吸氧,C,P5,"IMG_8651.png,IMG_8652.png,IMG_8653.png,IMG_8654.png,IMG_8655.png,IMG_8656.png,IMG_8657.png,IMG_8658.png,IMG_8659.png,IMG_8660.png,IMG_8661.png,IMG_8662.png,IMG_8663.png,IMG_8664.png",急性肺水肿时30%~50%乙醇湿化吸氧，6~8L/min。
A1-37,A1,37,,,急性肺水肿时吸入乙醇湿化氧气的目的是,兴奋呼吸中枢,杀灭呼吸道细菌,解除支气管平滑肌痉挛,降低肺泡内泡沫的表面张力,促使毛细血管扩张而减轻心脏负荷,D,P5,"IMG_8651.png,IMG_8652.png,IMG_8653.png,IMG_8654.png,IMG_8655.png,IMG_8656.png,IMG_8657.png,IMG_8658.png,IMG_8659.png,IMG_8660.png,IMG_8661.png,IMG_8662.png,IMG_8663.png,IMG_8664.png",急性肺水肿，乙醇湿化的目的，最重要的是降低肺泡表面张力。肺水肿 的患者，肺泡渗出量过多，处于缺血、乏氧状态，吸氧是为了改善患者的乏氧状态。给子高 流量吸氧，一般6~8L/min，通过乙醇湿化给氧，能够改善患者通气，扩张气管和支气管功 能，最重要的是降低肺泡内表面张力，防止肺泡破裂，改善气体通气状态，减少无效腔面 积，改善无效腔，改善通气/血流比例失调。急性肺水肿时，通常给予高流量氧气吸人，但 吸入高流量氧气时，时间切不可过长，容易发生氧中毒。
A1-38,A1,38,,,下列有关高血压非药物治疗的叙述正确的是,适用于所有高血压患者,仅适用于轻度高血压患者,仅适用于轻度、中度高血压患者,轻度、中度高血压患者非药物治疗可使血压降至正常,已经应用药物治疗的患者可以不采取非药物治疗,A,P5,"IMG_8651.png,IMG_8652.png,IMG_8653.png,IMG_8654.png,IMG_8655.png,IMG_8656.png,IMG_8657.png,IMG_8658.png,IMG_8659.png,IMG_8660.png,IMG_8661.png,IMG_8662.png,IMG_8663.png,IMG_8664.png",非药物治疗：限制钠盐摄人、减轻体重、运动、休息或其他生物行方 法。适用于所有高血压患者（也包括使用降压药物治疗的患者）。 元39.E【解析】高血压急症是指原发性或继发性高血压患者，在某些诱因的作用下血压 突然和显著升高，同时伴有进行性心、脑、肾等重要靶器官功能不全表现。高血压急症包括 恶性高血压、高血压脑病、高血压危象、颅内出血、脑梗死、急性心力衰竭（肺水肿）、子 痫、急性肾小球肾炎等。
A1-39,A1,39,,,下列哪项不属于高血压急症,急性心力衰竭,高血压脑病,高血压危象,肺水肿,2级高血压,,P6,,
A1-40,A1,40,,,洋地黄制剂治疗心衰最主要的机制是,兴奋交感神经,扩张冠状动脉,增强心肌收缩力,兴奋心脏传导系统,抑制迷走神经系统,C,P6,"IMG_8651.png,IMG_8652.png,IMG_8653.png,IMG_8654.png,IMG_8655.png,IMG_8656.png,IMG_8657.png,IMG_8658.png,IMG_8659.png,IMG_8660.png,IMG_8661.png,IMG_8662.png,IMG_8663.png,IMG_8664.png",洋地黄类药物是临床最常用的强心药物，具有正性肌力和减慢心率作用， 在增加心肌收缩力的同时，不增加心肌氧耗量。
A1-41,A1,41,,,優性心衰患者应用B受体阻断药的作用机制是（00,增强心肌收缩力,减轻心脏前负荷,减轻心脏后负荷,改善呼吸困难,降低死亡率、住院率,E,P6,"IMG_8651.png,IMG_8652.png,IMG_8653.png,IMG_8654.png,IMG_8655.png,IMG_8656.png,IMG_8657.png,IMG_8658.png,IMG_8659.png,IMG_8660.png,IMG_8661.png,IMG_8662.png,IMG_8663.png,IMG_8664.png",临床应用B受体阻断药其疗效常在用药后2~3个月才出现，但明显提高 运动耐力，改善心力衰竭预后，降低病死率。
A1-42,A1,42,,,右心衰与肝硬化水肿的鉴别要点是,肝大,下肢水肿,体重增加,中心静脉压增高,腹水形成,D,P6,"IMG_8651.png,IMG_8652.png,IMG_8653.png,IMG_8654.png,IMG_8655.png,IMG_8656.png,IMG_8657.png,IMG_8658.png,IMG_8659.png,IMG_8660.png,IMG_8661.png,IMG_8662.png,IMG_8663.png,IMG_8664.png",右心衰与肝硬化水肿的鉴别要点是中心静脉压增高。中心静脉压代表右 心房或胸腔段静脉内压力，过低可能是血容量不足，过高可能是心功能不全。肝硬化腹水多 表现为门静脉压力的增高。
A1-43,A1,43,,,左心功能不全最早出现的症状是,咳嗽,咯血,发绀,呼吸困难,粉红色泡沫痰,D,P6,"IMG_8651.png,IMG_8652.png,IMG_8653.png,IMG_8654.png,IMG_8655.png,IMG_8656.png,IMG_8657.png,IMG_8658.png,IMG_8659.png,IMG_8660.png,IMG_8661.png,IMG_8662.png,IMG_8663.png,IMG_8664.png",左心功能不全最早出现的症状是呼吸困难。左心功能不全表现为患者突 发严重呼吸困难，呼吸频率可达30~40次/分，强迫端坐位，频繁咳嗽，咳大量粉红色泡沫 样痰，面色灰白或发绀，大汗，皮肤湿冷，有窒息感，极度恐惧、烦躁不安。
A1-44,A1,44,,,急性左心衰患者进行乙醇湿化给氧的目的是,稀释痰液,松弛支气管平滑肌,使肺泡内泡沫破裂而改善通气,加强心肌收缩力,消毒氧气湿化瓶,C,P6,"IMG_8651.png,IMG_8652.png,IMG_8653.png,IMG_8654.png,IMG_8655.png,IMG_8656.png,IMG_8657.png,IMG_8658.png,IMG_8659.png,IMG_8660.png,IMG_8661.png,IMG_8662.png,IMG_8663.png,IMG_8664.png",急性左心衰患者吸氧同时使用抗泡沫剂，使肺泡内的泡沫消失，增加气 体交换面积。一般可将30%~50%乙醇置于氧气的滤瓶中，随氧气吸入。
A1-45,A1,45,,,下列保持大便通畅措施中，心力衰竭患者不适宜采用的是,摄入足够量的水分,养成定时大便的习惯,应用开塞露,进食容易消化的食物,多吃含纤维素多的食物,A,P6,"IMG_8651.png,IMG_8652.png,IMG_8653.png,IMG_8654.png,IMG_8655.png,IMG_8656.png,IMG_8657.png,IMG_8658.png,IMG_8659.png,IMG_8660.png,IMG_8661.png,IMG_8662.png,IMG_8663.png,IMG_8664.png",心力衰竭患者适当限制水分，以免增加循环血量，加重心脏负担。
A1-46,A1,46,,,长期卧床的心力衰竭患者，进行皮肤护理的重点部位是,胫前,踝部,腹部,双下肢,腰骶部,E,P6,"IMG_8651.png,IMG_8652.png,IMG_8653.png,IMG_8654.png,IMG_8655.png,IMG_8656.png,IMG_8657.png,IMG_8658.png,IMG_8659.png,IMG_8660.png,IMG_8661.png,IMG_8662.png,IMG_8663.png,IMG_8664.png",长期卧床的心力衰竭患者，进行皮肤护理的重点部位是腰骶部。 —55- 第一篇 内科护理学
A1-47,A1,47,,,右心衰患者常有食欲敏乏、恶心、呕吐、腹痛等症状，是由于,肺循环淤血,胃肠道淤血 —34|,,,,B,P6,"IMG_8651.png,IMG_8652.png,IMG_8653.png,IMG_8654.png,IMG_8655.png,IMG_8656.png,IMG_8657.png,IMG_8658.png,IMG_8659.png,IMG_8660.png,IMG_8661.png,IMG_8662.png,IMG_8663.png,IMG_8664.png",右心衰患者导致胃肠道淤血时，淤血区缺血、缺氧，组织代谢降低，胃 肠道功能下降，患者可出现食欲缺乏、恶心、呕吐、腹痛等症状。
A1-48,A1,48,,,心力衰竭最常见的是,全心衰竭,左心衰,右心衰,左右心室衰竭,左右心房衰竭,B,P7,"IMG_8651.png,IMG_8652.png,IMG_8653.png,IMG_8654.png,IMG_8655.png,IMG_8656.png,IMG_8657.png,IMG_8658.png,IMG_8659.png,IMG_8660.png,IMG_8661.png,IMG_8662.png,IMG_8663.png,IMG_8664.png",左心衰临床上较常见，是指左心室代偿功能不全而发生的，以肺循环淤 血为特征的心力衰竭。
A1-49,A1,49,,,右心衰可能的症状不包括,肝大,少尿,恶心,食欲缺乏，抖总,夜间阵发性呼吸困难 ，大性,E,P7,"IMG_8651.png,IMG_8652.png,IMG_8653.png,IMG_8654.png,IMG_8655.png,IMG_8656.png,IMG_8657.png,IMG_8658.png,IMG_8659.png,IMG_8660.png,IMG_8661.png,IMG_8662.png,IMG_8663.png,IMG_8664.png",右心衰主要表现为体循环静脉淤血。消化道症状如食欲缺乏、恶心、呕 吐、水肿、腹胀、肝区胀痛等为右心衰的最常见症状。劳力性呼吸困难也是右心衰的常见症 状。体征包括水肿、颈静脉征、肝大、压痛和发绀。
A1-50,A1,50,,,左心衰可能的症状不包括,夜间阵发性呼吸困难,心悸,劳累性呼吸困难,严重者可发生端坐呼吸,心前区疼痛,E,P7,"IMG_8651.png,IMG_8652.png,IMG_8653.png,IMG_8654.png,IMG_8655.png,IMG_8656.png,IMG_8657.png,IMG_8658.png,IMG_8659.png,IMG_8660.png,IMG_8661.png,IMG_8662.png,IMG_8663.png,IMG_8664.png",呼吸困难是左心衰的基本表现，最早出现的是劳力性呼吸困难，经休息 后缓解。最典型的症状是夜间阵发性呼吸困难，严重者可发生急性肺水肿，晚期出现端坐呼 吸，还可出现倦怠、乏力、心悸、头晕、失眠、嗜睡、烦躁等症状，重者可有少尿，与心排 血量低下，组织、器官灌注不足有关。
A1-51,A1,51,,,急性心衰最严重的临床表现,两肺满布湿啰音,发生急性肺水肿,极度烦躁不安,咳大量粉红色泡沫痰\五密發,心尖区可闻及奔马律 5001大率感榔，,B,P7,"IMG_8651.png,IMG_8652.png,IMG_8653.png,IMG_8654.png,IMG_8655.png,IMG_8656.png,IMG_8657.png,IMG_8658.png,IMG_8659.png,IMG_8660.png,IMG_8661.png,IMG_8662.png,IMG_8663.png,IMG_8664.png",急性心力衰竭以急性左侧心力衰竭最常见，多表现为急性肺水肿或心源 性休克。
A1-52,A1,52,,,慢性心力衰竭患者易发生压疮的原因不包括 1261 登心 ，散鼠景部,水肿区组织营养不良,水肿区组织抵抗力下降,水肿区组织感觉迟钝,卧床使受压部位循环障碍,皮肤潮湿,A,P7,"IMG_8651.png,IMG_8652.png,IMG_8653.png,IMG_8654.png,IMG_8655.png,IMG_8656.png,IMG_8657.png,IMG_8658.png,IMG_8659.png,IMG_8660.png,IMG_8661.png,IMG_8662.png,IMG_8663.png,IMG_8664.png",慢性心力衰竭患者易发生压疮与水肿区组织营养不良没有多大关系。
A1-53,A1,53,,,长期卧床的心力衰竭患者，形成下肢静脉血栓时，当下床活动，易栓塞的脏器是,肾脏 1OB. 心脏,,脾脏,肺组织,脑组织,D,P7,"IMG_8651.png,IMG_8652.png,IMG_8653.png,IMG_8654.png,IMG_8655.png,IMG_8656.png,IMG_8657.png,IMG_8658.png,IMG_8659.png,IMG_8660.png,IMG_8661.png,IMG_8662.png,IMG_8663.png,IMG_8664.png",因心力衰竭患者长期卧床易导致静脉血栓、肺栓塞、便秘和压疮的发生。
A1-54,A1,54,,,在下列各项中，可依据其来估计慢性左心衰的严重程度的观察项目是,情绪状态,发绀的程度,持续低流量吸氧时间,咳嗽、咳痰的频率和量欢,患者采取的坐位的高低,E,P7,"IMG_8651.png,IMG_8652.png,IMG_8653.png,IMG_8654.png,IMG_8655.png,IMG_8656.png,IMG_8657.png,IMG_8658.png,IMG_8659.png,IMG_8660.png,IMG_8661.png,IMG_8662.png,IMG_8663.png,IMG_8664.png",患者采取的坐位的高低可估计慢性左心衰的严重程度。端坐呼吸多在病 程晚期出现，是肺淤血达到一定程度，平卧回心血量增多、膈肌上抬，呼吸更困难，必须采 用高枕卧位、半卧位，甚至坐位，才可减轻呼吸困难。最严重的患者即使端坐床边，下肢下 垂，上身前倾，仍不能缓解呼吸困难。
A1-55,A1,55,,,下列哪项药物用于心力衰竭的治疗，而且同时减轻心脏前负荷和后负荷,硝普钠,多巴胺,氢氯噻嗪,毛花苷C,硝酸异山梨酯 .82,A,P7,"IMG_8651.png,IMG_8652.png,IMG_8653.png,IMG_8654.png,IMG_8655.png,IMG_8656.png,IMG_8657.png,IMG_8658.png,IMG_8659.png,IMG_8660.png,IMG_8661.png,IMG_8662.png,IMG_8663.png,IMG_8664.png",本题考查了扩血管药物减轻心脏负荷的作用。由于硝普钠可以同时扩张 动静脉，故可以同时减轻心脏的前后负荷。
A1-56,A1,56,,,心力衰竭患者在口服地高辛之前应测量,体温,呼吸,脉搏,体重,血压,C,P8,"IMG_8651.png,IMG_8652.png,IMG_8653.png,IMG_8654.png,IMG_8655.png,IMG_8656.png,IMG_8657.png,IMG_8658.png,IMG_8659.png,IMG_8660.png,IMG_8661.png,IMG_8662.png,IMG_8663.png,IMG_8664.png",地高辛属于洋地黄类中效强心苷，可增强心肌收缩力，抑制心脏传导系 统，用于心力衰竭，服用地高辛期间需观察有无洋地黄中毒的表现，如心律失常、恶心、食 欲缺乏、头痛、视物模糊、黄绿视。口服地高辛前需常规测脉搏，当脉搏小于60次/分或节 律不齐需暂停服药，在专科医生的指导下调理药物。
A1-57,A1,57,,,右心衰引起体循环淤血的临床表现为,乏力、食欲缺乏、恶心、表情淡漠、嗜睡,乏力、腹胀、心悸、心电图出现U波增高,较重的体力活动后出现呼吸困难，休息可缓解,脑组织缺血、觖氧引起急性、短暂可逆性意识丧失,食欲缺乏、颈静脉怒张、肝大、双下肢凹陷性水肿,E,P8,"IMG_8651.png,IMG_8652.png,IMG_8653.png,IMG_8654.png,IMG_8655.png,IMG_8656.png,IMG_8657.png,IMG_8658.png,IMG_8659.png,IMG_8660.png,IMG_8661.png,IMG_8662.png,IMG_8663.png,IMG_8664.png",右心衰是以体循环淤血为主要特征的心力衰竭，临床表现为食欲缺乏、颈静脉怒张、肝大、双下肢凹陷性水肿。
A1-58,A1,58,,,心搏骤停后，要求尽可能在（ ）内给子除颤,1分钟,2分钟,3分钟,4分钟,5分钟,E,P8,"IMG_8651.png,IMG_8652.png,IMG_8653.png,IMG_8654.png,IMG_8655.png,IMG_8656.png,IMG_8657.png,IMG_8658.png,IMG_8659.png,IMG_8660.png,IMG_8661.png,IMG_8662.png,IMG_8663.png,IMG_8664.png",心搏骤停后，要求尽可能在5分钟内给予除颤。
A1-59,A1,59,,,下列哪项与心房颤动心电图特征不符合,R-R 间隔相等 期出,P波消失,QRS 波群形态正常,形态、振幅均变化不定的f波,QRS 波群频率为100~160次/分,A,P8,"IMG_8651.png,IMG_8652.png,IMG_8653.png,IMG_8654.png,IMG_8655.png,IMG_8656.png,IMG_8657.png,IMG_8658.png,IMG_8659.png,IMG_8660.png,IMG_8661.png,IMG_8662.png,IMG_8663.png,IMG_8664.png",心房颤动的心电图特征：①P 波消失，代之以350~600次/分小而不规则 的基线波动，间隔不均匀，形态、振幅均变化不定的f波。②R-R波间隔绝对不规则，心室 率通常为100~160次/分。③QRS 波形态一般正常，伴有室内差异性传导或原有束支传导阻 滞者 QRS 波群可增宽、变形。
A1-60,A1,60,,,三度房室传导阻滞，心室率为35次/分的患者，首选的治疗方法是,麻黄碱,洋地黄,阿托品,安装人工心脏起搏器,异丙肾上腺素,D,P8,"IMG_8651.png,IMG_8652.png,IMG_8653.png,IMG_8654.png,IMG_8655.png,IMG_8656.png,IMG_8657.png,IMG_8658.png,IMG_8659.png,IMG_8660.png,IMG_8661.png,IMG_8662.png,IMG_8663.png,IMG_8664.png",本题考查了房室传导阻滞的治疗。一度和二度1型：无症状的无须治疗； 二度1型和三度：心室率缓慢，伴血流动力学障碍、阿-斯综合征的，可采用药物治疗如阿 0O口 第二章 循环系统疾病患者的护理 托品或异丙肾上腺素静注，但不能永久应用，因此需要安装起搏器治疗。
A1-61,A1,61,,,下列选项中最易发生心源性脑缺氧综合征的心律失常是,预激综合征,快速心房颤动,室性期前收缩,室上性心动过速,三度房室传导阻滞,E,P8,"IMG_8651.png,IMG_8652.png,IMG_8653.png,IMG_8654.png,IMG_8655.png,IMG_8656.png,IMG_8657.png,IMG_8658.png,IMG_8659.png,IMG_8660.png,IMG_8661.png,IMG_8662.png,IMG_8663.png,IMG_8664.png",三度房室传导阻滞的临床症状取决于心室率的快慢，如心室率过慢可导 致脑缺血，出现短暂性意识丧失，甚至抽搐，即阿-斯综合征。
A1-62,A1,62,,,下面哪项情况不适合进行电复律的治疗,心室颤动,快速心房颤动,药物治疗无效的心房扑动,低血钾或洋地黄中毒的心律失常,至性心动过速其心室率150次/分以上,D,P8,"IMG_8651.png,IMG_8652.png,IMG_8653.png,IMG_8654.png,IMG_8655.png,IMG_8656.png,IMG_8657.png,IMG_8658.png,IMG_8659.png,IMG_8660.png,IMG_8661.png,IMG_8662.png,IMG_8663.png,IMG_8664.png",低血钾或洋地黄中毒的心律失常不适合进行电复律的治疗。
A1-63,A1,63,,,下列有关阵发性室上性心动过速的特点，叙述正确的是,大多有生命危险,发作很难终止，可呈反复发作，发作间隙大于1个月 c. 大多突发突止，部分可量反复发作，发作间隙长短不一 一36一,,,,C,P8,"IMG_8651.png,IMG_8652.png,IMG_8653.png,IMG_8654.png,IMG_8655.png,IMG_8656.png,IMG_8657.png,IMG_8658.png,IMG_8659.png,IMG_8660.png,IMG_8661.png,IMG_8662.png,IMG_8663.png,IMG_8664.png",室上性心动过速的临床特点为突然发作、突然终止，持续时间长短不一， 可持续数秒、数小时甚至数日，发作时患者可感心悸、头晕、胸闷、心绞痛，甚至发生心力 衰竭、休克。症状轻重取决于发作时的心率及持续时间。听诊心室率可达150~250次/分， 大多心律绝对规则，心尖部第一心音强度恒定。
A1-64,A1,64,,,期前收缩类型可以分为,房性和室性,窦性、房性和室性,房性、室性和交界性,窦性、房性、室性和交界性,窦性、房室性、房性、室性和交界性T23,C,P9,"IMG_8651.png,IMG_8652.png,IMG_8653.png,IMG_8654.png,IMG_8655.png,IMG_8656.png,IMG_8657.png,IMG_8658.png,IMG_8659.png,IMG_8660.png,IMG_8661.png,IMG_8662.png,IMG_8663.png,IMG_8664.png",期前收缩根据异位起搏点部位的不同，期前收缩可分为房性、房室交界 区性和室性期前收缩。
A1-65,A1,65,,,心电图检查中确立室性心动过速诊断的最重要依据是,常可见到心室夺获或室性融合波,P波与 ORS波群无固定关系，形成房室分离,ORS 波形态畸形，时限大于0.12 秒,3个或3个以上的室性期前收缩连续出现,有继发性 ST-T波改变，ST-T波方向常与QRS 波群主波方向相反,A,P9,"IMG_8651.png,IMG_8652.png,IMG_8653.png,IMG_8654.png,IMG_8655.png,IMG_8656.png,IMG_8657.png,IMG_8658.png,IMG_8659.png,IMG_8660.png,IMG_8661.png,IMG_8662.png,IMG_8663.png,IMG_8664.png",心室夺获或室性融合波是确立室性心动过速诊断的重要依据。
A1-66,A1,66,,,终止阵发性室上性心动过速的首选措施是,同步直流电复律,静脉注射普萘洛尔,静脉注射毛花苷C,刺激迷走神经反射,肌内注射新斯的明,D,P9,"IMG_8651.png,IMG_8652.png,IMG_8653.png,IMG_8654.png,IMG_8655.png,IMG_8656.png,IMG_8657.png,IMG_8658.png,IMG_8659.png,IMG_8660.png,IMG_8661.png,IMG_8662.png,IMG_8663.png,IMG_8664.png",阵发性室上性心动过速发作时间短暂，可自行停止者，不需特殊治疗。 如持续发作数分钟或原有心脏病患者首选应采取兴奋迷走神经的方法：刺激咽部引起呕吐反 射、屏气法、按压颈动脉窦、按压眼球（易造成视网膜脱位，已不常用）、将面部浸没于水 中等。
A1-67,A1,67,,,阵发性室性心动过速合并低血压时应首选,维拉帕米,奎尼丁,利多卡因,普萘洛尔,同步电击复律,E,P9,"IMG_8651.png,IMG_8652.png,IMG_8653.png,IMG_8654.png,IMG_8655.png,IMG_8656.png,IMG_8657.png,IMG_8658.png,IMG_8659.png,IMG_8660.png,IMG_8661.png,IMG_8662.png,IMG_8663.png,IMG_8664.png",阵发性室性心动过速患者已出现低血压、休克、心绞痛、充血性心力衰 竭、脑血流灌注不足时，可用同步直流电复律。
A1-68,A1,68,,,对病毒性心肌炎早期诊断有提示意义的检查是,胸部X线,生化检查,心电图,心音图,超声心动图,B,P9,"IMG_8651.png,IMG_8652.png,IMG_8653.png,IMG_8654.png,IMG_8655.png,IMG_8656.png,IMG_8657.png,IMG_8658.png,IMG_8659.png,IMG_8660.png,IMG_8661.png,IMG_8662.png,IMG_8663.png,IMG_8664.png",对病毒性心肌炎早期诊断有提示意义的检查是生化检查。病毒性心肌炎 的生化检查：①磷酸激酶（CPR）在早期多升高，以肌酸激酶同工酶（CK-MB）为主。 ②乳酸脱氢酶（SLDFI）同工酶增高，在心肌炎的早期诊断有提示意义。③心肌肌钙蛋白的 变化对心肌炎有特异性诊断意义。
A2-1,A2,1,,,患者，女性，45岁。急性心肌梗死后出现四肢厥冷，多汗，少尿，血压 70/40mmHg，经 补充血容量后血压不升。此时应该使用的药物是,多巴胺,硝普钠,补充血容量,呋塞米,毛花苷C,A,P9,"IMG_8651.png,IMG_8652.png,IMG_8653.png,IMG_8654.png,IMG_8655.png,IMG_8656.png,IMG_8657.png,IMG_8658.png,IMG_8659.png,IMG_8660.png,IMG_8661.png,IMG_8662.png,IMG_8663.png,IMG_8664.png",急性心肌梗死后出现血压下降，如补充血容量后血压不升，提示周围血管 张力不足，可用多巴胺静脉滴注。
A2-2,A2,2,,,某患者心肌梗死床3周，护士为其床上洗发，突然患者感到胸痛、心悸，面色苍白， 出冷汗，护士应立即,边洗发边通知医生，,,,,,E,P9,"IMG_8651.png,IMG_8652.png,IMG_8653.png,IMG_8654.png,IMG_8655.png,IMG_8656.png,IMG_8657.png,IMG_8658.png,IMG_8659.png,IMG_8660.png,IMG_8661.png,IMG_8662.png,IMG_8663.png,IMG_8664.png",患者心肌梗死卧床3周，患者突然感到胸痛、心悸、面色苍白、出冷汗， 护士应立即停止操作，让患者平卧，吸氧，立即与医生联系。
A2-3,A2,3,,,患者，女性，65.岁。间断性心前区疼痛1个月，多在夜间发作，与活动无关，每改发什,,,,,,B,P10,"IMG_8651.png,IMG_8652.png,IMG_8653.png,IMG_8654.png,IMG_8655.png,IMG_8656.png,IMG_8657.png,IMG_8658.png,IMG_8659.png,IMG_8660.png,IMG_8661.png,IMG_8662.png,IMG_8663.png,IMG_8664.png",该患者心前区疼痛的特点是多在夜间发作，与活动无关，疼痛呈发作性， 且发作时心电图相关导联ST 段抬高，符合典型的变异型心绞痛，是冠状动脉痉挛所致。该 类心绞痛的首选治疗药物是钙离子拮抗药，可以扩张冠状动脉，解除冠状动脉痉挛，改善心 肌血液供应。
A2-4,A2,4,,,患者，男性，50岁。饱餐后突然出现胸骨后压榨性疼痛，持续20分钟不缓解，伴大汗、 恶心、呕吐。急诊护士应首先采取哪项检查方法,腹部B超,血常规,腹部X线检查,心电图,血尿淀粉酶测定,D,P10,"IMG_8651.png,IMG_8652.png,IMG_8653.png,IMG_8654.png,IMG_8655.png,IMG_8656.png,IMG_8657.png,IMG_8658.png,IMG_8659.png,IMG_8660.png,IMG_8661.png,IMG_8662.png,IMG_8663.png,IMG_8664.png",情绪激动、劳累、饱餐、受凉等为心绞痛发作诱因。患者饱餐后突然出现 胸骨后压榨性疼痛，持续20分钟不缓解，伴大汗、恶心、呕吐，应是心绞痛，首先采取心 电图检查，心电图是发现心肌缺血、诊断心绞痛最常用的检查方法。
A2-5,A2,5,,,患者，男性，45岁。突发胸骨后疼痛伴窒息感、恶心、呕吐及出冷汗，含服硝酸甘油不 能缓解。最可能发生的是,急性胃炎,急性胰腺炎|,急性胆囊炎,急性心肌梗死,胸膜炎,D,P10,"IMG_8651.png,IMG_8652.png,IMG_8653.png,IMG_8654.png,IMG_8655.png,IMG_8656.png,IMG_8657.png,IMG_8658.png,IMG_8659.png,IMG_8660.png,IMG_8661.png,IMG_8662.png,IMG_8663.png,IMG_8664.png",患者突发胸骨后疼痛伴窒息感、恶心、呕肚及出冷汗，含服硝酸甘油不能 第一篇 內科护理学 缓解，据此推断最可能发生的是急性心肌梗死。
A2-6,A2,6,,,患者，男性，64岁。持续心前区痛5小时，确诊为急性心肌梗死收入监护室，监测中发 现患者出现心室颤动。此时责任护士应即刻采取的首要措施是,静脉注射利多卡因,静脉注射异丙肾上腺素,静脉注射毛花苷C,非同步直流电除颤,同步直流电除颤,D,P10,"IMG_8651.png,IMG_8652.png,IMG_8653.png,IMG_8654.png,IMG_8655.png,IMG_8656.png,IMG_8657.png,IMG_8658.png,IMG_8659.png,IMG_8660.png,IMG_8661.png,IMG_8662.png,IMG_8663.png,IMG_8664.png",本题考查的是室颤的治疗。室颤属于最严重的心律失常，治疗应立即做非 同步直流电除颤。 7.c【解析】本题综合考查了心绞痛的健康教育。主要是避免诱发心肌缺血的因素，胸 痛发作时及时镇痛。关于硝酸甘油的用法应当是含服1片硝酸甘油后疼痛仍不缓解，5分钟 后需再服1片，若仍不缓解，5分钟后可再服1片，连续服用3片仍不缓解，应警惕急性心 肌梗死的发生，需立即送医院救治。
A2-7,A2,7,,,患者，男性，52岁。近1个月劳累时感心前区疼痛，诊断为冠心病、心绞痛。患者吸烟 30年，每日30支，平日伙食不规律，喜饮白酒和浓茶，化验检查发现甘油兰酯增高。责 任护士向该患者进行健康教育的内容中，下列哪项不妥,戒烟、限酒，不饮浓茶,胸痛发作时应立即含服1片硝酸甘油 c.含服1片硝酸甘油后疼痛仍不缓解，半小时后需再服1片,,平日随身带硝酸甘油，按医嘱服药，定期复查,保持情绪稳定，不可过度劳累,,P10,,
A2-8,A2,8,,,患者，男性，75岁。冠心病急性心肌梗死，院外发生心搏骤停，急诊人院。人院 后心电监测发现心室颤动，给子除颤、心肺复苏和脑复苏，目前患者浅昏迷，血 —38一,,,,,,B,P10,"IMG_8651.png,IMG_8652.png,IMG_8653.png,IMG_8654.png,IMG_8655.png,IMG_8656.png,IMG_8657.png,IMG_8658.png,IMG_8659.png,IMG_8660.png,IMG_8661.png,IMG_8662.png,IMG_8663.png,IMG_8664.png",心搏骤停时间较长或复苏后持续低血压，易使患者发生急性肾衰竭，故应 监测尿量、尿比密等指标。复苏后，若血压能维持在80~90/50~60mmHg，而尿量少于 30mlh，可试用呋塞米静脉注射。若注射后仍无尿或少尿，则提示急性肾衰竭，故不可大量 静脉补液，此时应严格限制人水量，监测血电解质，防治高血钾，必要时可透析治疗。
A2-9,A2,9,,,患者，女性，50岁。血压值持续为160/100mmHg，应考虑为,高血压,正常血压,临界高血压,收缩压偏低，舒张压偏高,收缩压偏高，舒张压偏低,A,P11,"IMG_8651.png,IMG_8652.png,IMG_8653.png,IMG_8654.png,IMG_8655.png,IMG_8656.png,IMG_8657.png,IMG_8658.png,IMG_8659.png,IMG_8660.png,IMG_8661.png,IMG_8662.png,IMG_8663.png,IMG_8664.png",患者血压值持续为160/100mmHg，应考虑为高血压。
A2-10,A2,10,,,患者，女性，58岁。近半年来，血压升高较快，伴心悸、多汗、头痛、烦躁等，上周出 现视物模糊征象，来诊。查体：血压262/127mmHg，心率180次/分，心浊音界向左下 扩大。该患者可能是,高血压脑病,高血压危象,高血压1级,高血压2级,高血压3级,B,P11,"IMG_8651.png,IMG_8652.png,IMG_8653.png,IMG_8654.png,IMG_8655.png,IMG_8656.png,IMG_8657.png,IMG_8658.png,IMG_8659.png,IMG_8660.png,IMG_8661.png,IMG_8662.png,IMG_8663.png,IMG_8664.png",高血压危象在高血压早期与晚期均可发生。主要表现有头痛、烦躁、眩 晕、心悸、气急、视物模糊、恶心、呕吐等症状，同时可伴有动脉痉挛和所累及靶器官缺血 症状。
A2-11,A2,11,,,患者，女性，66岁。因头痛、心悸和心前区不适就诊。门诊查血压：160/95mmHg。据 此可以推断该患者高血压分级属于,正常高限,轻度高血压,中度高血压,重度高血压,临界高血压,C,P11,"IMG_8651.png,IMG_8652.png,IMG_8653.png,IMG_8654.png,IMG_8655.png,IMG_8656.png,IMG_8657.png,IMG_8658.png,IMG_8659.png,IMG_8660.png,IMG_8661.png,IMG_8662.png,IMG_8663.png,IMG_8664.png",本题考查了高血压的分级，当患者的收缩压和舒张压分属于两个不同的 级别时，应按较高的级别来判别血压的分级，该患者属于中度高血压。
A2-12,A2,12,,,某原发性高血压患者，吸烟史20年，肥胖，目前血压160/95mmHg。下列健康教育内容 不妥的是,戒烟,适量运动,保持情绪稳定,控制高血压,高热量、高糖饮食,E,P11,"IMG_8651.png,IMG_8652.png,IMG_8653.png,IMG_8654.png,IMG_8655.png,IMG_8656.png,IMG_8657.png,IMG_8658.png,IMG_8659.png,IMG_8660.png,IMG_8661.png,IMG_8662.png,IMG_8663.png,IMG_8664.png",血压与体重指数呈正相关，特别是向心性肥胖，可使血容量增加，内分 泌失调，是高血压的重要危险因素，应限制患者每日摄人总热量，以达到控制和减轻体重的 目的。
A2-13,A2,13,,,患者，男性，55岁。既往有高血压病史15年，近日出现劳力性呼吸困难，经休息后缓 解，经诊断为心力衰竭。首先出现,全心衰竭,左心室衰竭,左心房衰竭,右心室衰竭,右心房衰竭,B,P11,"IMG_8651.png,IMG_8652.png,IMG_8653.png,IMG_8654.png,IMG_8655.png,IMG_8656.png,IMG_8657.png,IMG_8658.png,IMG_8659.png,IMG_8660.png,IMG_8661.png,IMG_8662.png,IMG_8663.png,IMG_8664.png",劳力性呼吸困难是左心衰最早出现的呼吸困难症状，因为体力活动会使 回心血量增加，左心房压力升高，肺淤血加重，开始仅在剧烈活动或体力劳动后出现症状， 休息后缓解，随肺淤血加重，逐渐发展到更轻活动后，甚至休息时，也出现呼吸困难。
A2-14,A2,14,,,患者，男性，58岁。自述突然心悸、胸闷。急诊查体：心率120次/分，脉搏110次/分，,,,,,,A,P11,"IMG_8651.png,IMG_8652.png,IMG_8653.png,IMG_8654.png,IMG_8655.png,IMG_8656.png,IMG_8657.png,IMG_8658.png,IMG_8659.png,IMG_8660.png,IMG_8661.png,IMG_8662.png,IMG_8663.png,IMG_8664.png",本题给出患者心率和脉搏不等，且心率太于脉搏，为脉搏短绌的表现， 同时心音强弱不等，心律不齐，上述信息提示发生心房颤动。 I5.E【解析】偶发期前收缩无重要临床意义，不需特珠治疗。
A2-15,A2,15,,,分钟，发作时心电图I、皿、aVF导联 ST段抬高。最可能的诊断男,急性心肌梗死,变异型心绞痛,恶化型心绞痛,稳定型心绞痛,卧位型心绞痛 代至司期道,,P10,,
A2-15,A2,15,,,患者，女性，26岁。体检时发现心电图偶发室性期前收缩，心界无扩太，心率80次/分， 期前收缩0~3次/分，心音正常，无杂音。治疗应选用,洋地黄,利多卡因,胺碘酮,美西律或普罗帕酮,观察，暂不给予药物治疗,,P12,,
A2-16,A2,16,,,患者，男性，75岁。患冠心病全心衰竭。治疗期间出现恶心，视物模糊，黄绿视。护士 及时向医生报告，并考虑原因是,心力衰竭加重，胃肠道淤血,脑血管意外,扩血管药物引起的低血压,利尿药物引起的电解质紊乱,洋地黄药物中毒,E,P12,"IMG_8651.png,IMG_8652.png,IMG_8653.png,IMG_8654.png,IMG_8655.png,IMG_8656.png,IMG_8657.png,IMG_8658.png,IMG_8659.png,IMG_8660.png,IMG_8661.png,IMG_8662.png,IMG_8663.png,IMG_8664.png",洋地黄药物中毒神经系统反应：头痛、头晕、视物模糊、黄绿色视等。 胃肠道反应：食欲缺乏、恶心、呕吐等。
A3/A4-1,A3/A4,1,,患者，男性，65岁。患冠心病已8年。2小时前胸骨后绞痛发作，在家口含硝酸甘油未 见缓解，并有呕吐，出冷汗，急诊室心电图检查示窦性心律及急性前壁心肌梗死。,该患者入院24小时内最常出现的是,心脏破裂,心律失常,心力衰竭,心室膨胀瘤,心源性休克,B,P12,"IMG_8651.png,IMG_8652.png,IMG_8653.png,IMG_8654.png,IMG_8655.png,IMG_8656.png,IMG_8657.png,IMG_8658.png,IMG_8659.png,IMG_8660.png,IMG_8661.png,IMG_8662.png,IMG_8663.png,IMG_8664.png",心律失常是急性心肌梗死致死的主要原因，24小时内发生率最高，以室性 心律失常最多见，室颤是早期死亡的主要原因。
A3/A4-1,A3/A4,1,,患者，女性，73岁。患高血压病近30年，平日血压控制在 140/90mmHg，糖尿病5年， 应用降糖药物控制血糖。近半年来常手劳累时感心前区闷痛，持续1~2分钟，休息后缓解， 未给予诊治。.3小时前突感胃痛伴烧灼感，伴大汗，恶心、呕吐1次，呕吐物为胃内容物。急 诊入院。查体：BP 110/65mmHg，心电图示V，~V，导联 ST段弓背向上抬高，CK 3240U/E， CK-MB 398U/L。诊断为急性心肌梗死，即刻给予溶栓治疗，胸痛逐渐减轻。,该患者可以进行溶栓的指征不包括,大汗、恶心、呕吐,持续胸痛超过30分钟,起病时间不超过6小时,V.~V，导联 ST段弓背向上抬高,CK 3240U/L， CK-MB 398U/L,B,P22,"IMG_8651.png,IMG_8652.png,IMG_8653.png,IMG_8654.png,IMG_8655.png,IMG_8656.png,IMG_8657.png,IMG_8658.png,IMG_8659.png,IMG_8660.png,IMG_8661.png,IMG_8662.png,IMG_8663.png,IMG_8664.png",心律失常是急性心肌梗死致死的主要原因，24小时内发生率最高，以室性 心律失常最多见，室颤是早期死亡的主要原因。
A3/A4-2,A3/A4,2,,患者，男性，65岁。患冠心病已8年。2小时前胸骨后绞痛发作，在家口含硝酸甘油未 见缓解，并有呕吐，出冷汗，急诊室心电图检查示窦性心律及急性前壁心肌梗死。,为缓解该患者胸痛症状，宜采用,口服可待因,硝酸甘油剂量加大,哌替啶肌内注射,口服硝苯地平,硝酸甘油静脉注射,C,P12,"IMG_8651.png,IMG_8652.png,IMG_8653.png,IMG_8654.png,IMG_8655.png,IMG_8656.png,IMG_8657.png,IMG_8658.png,IMG_8659.png,IMG_8660.png,IMG_8661.png,IMG_8662.png,IMG_8663.png,IMG_8664.png",急性心肌梗死解除疼痛，可用哌替啶 50~100mg 肌内注射或吗啡2~4mg 静脉滴注，必要时5~10分钟可重复使用1次，以后每4~6小时重复使用，用药期间要注意 防止呼吸抑制。疼痛轻的患者可应用可待因或罂粟碱30~60mg肌内注射或口服，也可用硝 酸甘油静脉滴注，但需注意心率、血压变化，防止心率增快、血压下降。
A3/A4-2,A3/A4,2,,患者，女性，73岁。患高血压病近30年，平日血压控制在 140/90mmHg，糖尿病5年， 应用降糖药物控制血糖。近半年来常手劳累时感心前区闷痛，持续1~2分钟，休息后缓解， 未给予诊治。.3小时前突感胃痛伴烧灼感，伴大汗，恶心、呕吐1次，呕吐物为胃内容物。急 诊入院。查体：BP 110/65mmHg，心电图示V，~V，导联 ST段弓背向上抬高，CK 3240U/E， CK-MB 398U/L。诊断为急性心肌梗死，即刻给予溶栓治疗，胸痛逐渐减轻。,对患者溶栓的护理措施中，正确的是,观察有无过敏,询问有无溶栓禁忌证,准确迅速地配制溶栓药物 P.观察患者有无发生出血 E，患者溶栓后出现心律失常，说明溶栓失败，及时通知医生,,,C,P22,"IMG_8651.png,IMG_8652.png,IMG_8653.png,IMG_8654.png,IMG_8655.png,IMG_8656.png,IMG_8657.png,IMG_8658.png,IMG_8659.png,IMG_8660.png,IMG_8661.png,IMG_8662.png,IMG_8663.png,IMG_8664.png",急性心肌梗死解除疼痛，可用哌替啶 50~100mg 肌内注射或吗啡2~4mg 静脉滴注，必要时5~10分钟可重复使用1次，以后每4~6小时重复使用，用药期间要注意 防止呼吸抑制。疼痛轻的患者可应用可待因或罂粟碱30~60mg肌内注射或口服，也可用硝 酸甘油静脉滴注，但需注意心率、血压变化，防止心率增快、血压下降。
A3/A4-3,A3/A4,3,,患者，男性，65岁。患冠心病已8年。2小时前胸骨后绞痛发作，在家口含硝酸甘油未 见缓解，并有呕吐，出冷汗，急诊室心电图检查示窦性心律及急性前壁心肌梗死。,护士应预估到其最易发生哪种心律失常,室性心律失常,房性心律失常,房室传导阻滞,窦性心律失常,交界区性心律失常,A,P12,"IMG_8651.png,IMG_8652.png,IMG_8653.png,IMG_8654.png,IMG_8655.png,IMG_8656.png,IMG_8657.png,IMG_8658.png,IMG_8659.png,IMG_8660.png,IMG_8661.png,IMG_8662.png,IMG_8663.png,IMG_8664.png",心律失常是急性心肌梗死致死的主要原因，24小时内发生率最高，以室性 心律失常最多见，室颤是早期死亡的主要原因。
A3/A4-3,A3/A4,3,,患者，女性，73岁。患高血压病近30年，平日血压控制在 140/90mmHg，糖尿病5年， 应用降糖药物控制血糖。近半年来常手劳累时感心前区闷痛，持续1~2分钟，休息后缓解， 未给予诊治。.3小时前突感胃痛伴烧灼感，伴大汗，恶心、呕吐1次，呕吐物为胃内容物。急 诊入院。查体：BP 110/65mmHg，心电图示V，~V，导联 ST段弓背向上抬高，CK 3240U/E， CK-MB 398U/L。诊断为急性心肌梗死，即刻给予溶栓治疗，胸痛逐渐减轻。,人院当日，护士给予患者的护理措施不妥的是,持续心电监护,绝对卧床休息,观察心前区疼痛变化和心肌酶的变化,给予鼻导管吸氧,制订患者活动计划，提高其活动量 （4~6 题共用题干） 患者，女性，58岁。高血压10年余，间歇发作胸闷、胸痛1年，医生确诊为原发性高 血压、冠心病。此次如厕后突然出现胸闷、气短，咳粉红色泡沫痰。查体：端坐体位，心率 110次/分，双肺可闻及水泡音，双下肢无水肿。,A,P22,"IMG_8651.png,IMG_8652.png,IMG_8653.png,IMG_8654.png,IMG_8655.png,IMG_8656.png,IMG_8657.png,IMG_8658.png,IMG_8659.png,IMG_8660.png,IMG_8661.png,IMG_8662.png,IMG_8663.png,IMG_8664.png",心律失常是急性心肌梗死致死的主要原因，24小时内发生率最高，以室性 心律失常最多见，室颤是早期死亡的主要原因。
A3/A4-4,A3/A4,4,,患者，男性，36 岁。自诉突然心择、胸闷。听诊心率200次/分，律齐，血压正常。 口口 第二章 循环系统疾病患者的护理,考虑该患者最可能患的是,房颤,室颤,室性心动过速,室上性心动过速,窦性心动过速,D,P13,"IMG_8651.png,IMG_8652.png,IMG_8653.png,IMG_8654.png,IMG_8655.png,IMG_8656.png,IMG_8657.png,IMG_8658.png,IMG_8659.png,IMG_8660.png,IMG_8661.png,IMG_8662.png,IMG_8663.png,IMG_8664.png",室上性心动过速心率快而规则，常达150~250次/分，突发突止，持续数 第二章 循环系统疾病患者的护理 秒、数小时甚至数日不等。发作时患者可有心悸、胸闷、乏力、头晕、心绞痛，甚至发生心 力衰竭、休克。症状轻重取决于发作时的心率及持续时间。
A3/A4-4,A3/A4,4,,患者，女性，73岁。患高血压病近30年，平日血压控制在 140/90mmHg，糖尿病5年， 应用降糖药物控制血糖。近半年来常手劳累时感心前区闷痛，持续1~2分钟，休息后缓解， 未给予诊治。.3小时前突感胃痛伴烧灼感，伴大汗，恶心、呕吐1次，呕吐物为胃内容物。急 诊入院。查体：BP 110/65mmHg，心电图示V，~V，导联 ST段弓背向上抬高，CK 3240U/E， CK-MB 398U/L。诊断为急性心肌梗死，即刻给予溶栓治疗，胸痛逐渐减轻。,该患者目前最可能的诊断是,全心衰,急性支气管炎,急性左心衰,劳力性心绞痛,急性心肌梗死,D,P22,"IMG_8651.png,IMG_8652.png,IMG_8653.png,IMG_8654.png,IMG_8655.png,IMG_8656.png,IMG_8657.png,IMG_8658.png,IMG_8659.png,IMG_8660.png,IMG_8661.png,IMG_8662.png,IMG_8663.png,IMG_8664.png",室上性心动过速心率快而规则，常达150~250次/分，突发突止，持续数 第二章 循环系统疾病患者的护理 秒、数小时甚至数日不等。发作时患者可有心悸、胸闷、乏力、头晕、心绞痛，甚至发生心 力衰竭、休克。症状轻重取决于发作时的心率及持续时间。
A3/A4-5,A3/A4,5,,患者，男性，36 岁。自诉突然心择、胸闷。听诊心率200次/分，律齐，血压正常。 口口 第二章 循环系统疾病患者的护理,若该患者病情发作持续时间较久，病史尚不清楚，采取下列哪种措施较简便有效,口服阿托品,刺激呕吐反射或嘱屏气,静脉推注去氧肾上腺素,静脉推注利多卡因,静脉推注毛花苷C,B,P13,"IMG_8651.png,IMG_8652.png,IMG_8653.png,IMG_8654.png,IMG_8655.png,IMG_8656.png,IMG_8657.png,IMG_8658.png,IMG_8659.png,IMG_8660.png,IMG_8661.png,IMG_8662.png,IMG_8663.png,IMG_8664.png",室上性心动过速持续发作儿分钟以上或原有心脏病患者应采取刺激迷走神 经的方法：刺激咽部引起呕吐反射、Valsalva 动作（深吸气后屏气，再用力做呼气动作）、按压颈动脉窦、将面部浸没于冷水中等。
A3/A4-5,A3/A4,5,,患者，女性，73岁。患高血压病近30年，平日血压控制在 140/90mmHg，糖尿病5年， 应用降糖药物控制血糖。近半年来常手劳累时感心前区闷痛，持续1~2分钟，休息后缓解， 未给予诊治。.3小时前突感胃痛伴烧灼感，伴大汗，恶心、呕吐1次，呕吐物为胃内容物。急 诊入院。查体：BP 110/65mmHg，心电图示V，~V，导联 ST段弓背向上抬高，CK 3240U/E， CK-MB 398U/L。诊断为急性心肌梗死，即刻给予溶栓治疗，胸痛逐渐减轻。,该患者此次发病的诱因可能是,情绪激动,心动过速 —50-,,,,B,P22,"IMG_8651.png,IMG_8652.png,IMG_8653.png,IMG_8654.png,IMG_8655.png,IMG_8656.png,IMG_8657.png,IMG_8658.png,IMG_8659.png,IMG_8660.png,IMG_8661.png,IMG_8662.png,IMG_8663.png,IMG_8664.png",室上性心动过速持续发作儿分钟以上或原有心脏病患者应采取刺激迷走神 经的方法：刺激咽部引起呕吐反射、Valsalva 动作（深吸气后屏气，再用力做呼气动作）、按压颈动脉窦、将面部浸没于冷水中等。
A3/A4-6,A3/A4,6,,患者，男性，36 岁。自诉突然心择、胸闷。听诊心率200次/分，律齐，血压正常。 口口 第二章 循环系统疾病患者的护理,若用心电监护仪监护该患者时，荧光屏上突然出现完全不规则的大波浪状曲线，且QRS波 与T波消失。下列处理措施中错误的是,严密观察病情变化,可施行非同步电除颤,可于心内注射利多卡因,可施行同步电除颤,立即进行胸外心脏按压和口对口人工呼吸,D,P13,"IMG_8651.png,IMG_8652.png,IMG_8653.png,IMG_8654.png,IMG_8655.png,IMG_8656.png,IMG_8657.png,IMG_8658.png,IMG_8659.png,IMG_8660.png,IMG_8661.png,IMG_8662.png,IMG_8663.png,IMG_8664.png",心电监护仪上出现不规则的波浪状曲线，且QRS 波与T波不易辦认，根 据心电图提示考虑为心室颤动。应立即进行心肺复苏、电除颤，临床止对于心室颤动和扑动 采用直流电非同步电除颤。遵医嘱使用抗心律失常药物，常用胺碘酮、利多卡因。
A3/A4-6,A3/A4,6,,患者，女性，73岁。患高血压病近30年，平日血压控制在 140/90mmHg，糖尿病5年， 应用降糖药物控制血糖。近半年来常手劳累时感心前区闷痛，持续1~2分钟，休息后缓解， 未给予诊治。.3小时前突感胃痛伴烧灼感，伴大汗，恶心、呕吐1次，呕吐物为胃内容物。急 诊入院。查体：BP 110/65mmHg，心电图示V，~V，导联 ST段弓背向上抬高，CK 3240U/E， CK-MB 398U/L。诊断为急性心肌梗死，即刻给予溶栓治疗，胸痛逐渐减轻。 OO第二章 D. 电解质紊乱 循环系统疾病患者的护理 C. 急性呼吸道感染 E. 心肌氧耗量增加,护士对该患者的护理措施，正确的是,心电监护,取平卧位，头向一侧,给予鼻导管吸氧,注意保暖，避免受凉,记录24小时尿量,D,P23,"IMG_8651.png,IMG_8652.png,IMG_8653.png,IMG_8654.png,IMG_8655.png,IMG_8656.png,IMG_8657.png,IMG_8658.png,IMG_8659.png,IMG_8660.png,IMG_8661.png,IMG_8662.png,IMG_8663.png,IMG_8664.png",心电监护仪上出现不规则的波浪状曲线，且QRS 波与T波不易辦认，根 据心电图提示考虑为心室颤动。应立即进行心肺复苏、电除颤，临床止对于心室颤动和扑动 采用直流电非同步电除颤。遵医嘱使用抗心律失常药物，常用胺碘酮、利多卡因。
A3/A4-7,A3/A4,7,,患者，女性，60岁。因突发心前区持续剧烈疼痛伴冷汗2小时就诊。查心电图在1、 皿、aVF3个导联上显示宽大Q波，ST 段抬高，呈现弓背向上的单向曲线。,该患者最可能的诊断是,自发性气胸,急性心肌梗死,急性胰腺炎,带状疱疹,急性胸膜炎,B,P13,"IMG_8651.png,IMG_8652.png,IMG_8653.png,IMG_8654.png,IMG_8655.png,IMG_8656.png,IMG_8657.png,IMG_8658.png,IMG_8659.png,IMG_8660.png,IMG_8661.png,IMG_8662.png,IMG_8663.png,IMG_8664.png",根据患者临床表现和心电图表现可诊断为急性心肌梗死。
A3/A4-7,A3/A4,7,,患者，女性，48岁。患慢性左心衰，经休息、限盐、利尿、扩血管和使用洋地黄制剂 后出现恶心、食欲缺乏、视物模糊、神情淡漠等表现。检查心率46次/分，二联律。,出现以上表现最可能的原因是,洋地黄中毒,慢性脑部缺氧,心力衰竭加重,消化不良,电解质紊乱,B,P23,"IMG_8651.png,IMG_8652.png,IMG_8653.png,IMG_8654.png,IMG_8655.png,IMG_8656.png,IMG_8657.png,IMG_8658.png,IMG_8659.png,IMG_8660.png,IMG_8661.png,IMG_8662.png,IMG_8663.png,IMG_8664.png",根据患者临床表现和心电图表现可诊断为急性心肌梗死。
A3/A4-8,A3/A4,8,,患者，女性，60岁。因突发心前区持续剧烈疼痛伴冷汗2小时就诊。查心电图在1、 皿、aVF3个导联上显示宽大Q波，ST 段抬高，呈现弓背向上的单向曲线。,该患者应收住下列哪类病房,急诊留观,普通病房,心电监护病房（CCU）,重症监护病房 （ICU）,干部病房,C,P13,"IMG_8651.png,IMG_8652.png,IMG_8653.png,IMG_8654.png,IMG_8655.png,IMG_8656.png,IMG_8657.png,IMG_8658.png,IMG_8659.png,IMG_8660.png,IMG_8661.png,IMG_8662.png,IMG_8663.png,IMG_8664.png",该患者应收住心电监护病房（CCU）。
A3/A4-8,A3/A4,8,,患者，女性，48岁。患慢性左心衰，经休息、限盐、利尿、扩血管和使用洋地黄制剂 后出现恶心、食欲缺乏、视物模糊、神情淡漠等表现。检查心率46次/分，二联律。,洋地黄中毒后，下列处理正确的是,加用抗心律失常药,停用洋地黄及利尿药,减少洋地黄及利尿药用量,停用洋地黄，继续用利尿药,停用利尿药，继续用洋地黄,C,P23,"IMG_8651.png,IMG_8652.png,IMG_8653.png,IMG_8654.png,IMG_8655.png,IMG_8656.png,IMG_8657.png,IMG_8658.png,IMG_8659.png,IMG_8660.png,IMG_8661.png,IMG_8662.png,IMG_8663.png,IMG_8664.png",该患者应收住心电监护病房（CCU）。
A3/A4-9,A3/A4,9,,患者，女性，60岁。因突发心前区持续剧烈疼痛伴冷汗2小时就诊。查心电图在1、 皿、aVF3个导联上显示宽大Q波，ST 段抬高，呈现弓背向上的单向曲线。,该患者在住院当天，心电图显示室性期前收缩每分钟20次，该患者发生了哪种变化,即将心衰,是好转征兆,即将休克,发生心律失常,提示应绝对卧床 （10~13题共用题十） 患者，男性，62岁。3小时前胸骨后压榨样疼痛发作，伴呕吐、出冷汗及出现濒死感而 入院。查体：神志清楚，检查合作，心率112次/分，交替脉，心电图检查显示有急性广泛 性前壁心肌梗死。 —41-,D,P13,"IMG_8651.png,IMG_8652.png,IMG_8653.png,IMG_8654.png,IMG_8655.png,IMG_8656.png,IMG_8657.png,IMG_8658.png,IMG_8659.png,IMG_8660.png,IMG_8661.png,IMG_8662.png,IMG_8663.png,IMG_8664.png",急性心肌梗死最常见的心律失常是室性期前收缩和室性心动过速，当发生 心律失常时，心房和心室收缩程序改变，能使心排血量下降30%左右，引起患者心悸、胸 闷、无力等症状。血液循环失常也是心律失常的一种表现，当发生心律失常时，也会出现这 样的现象。发生猝死最多的原因是心律失常。
A3/A4-9,A3/A4,9,,患者，女性，48岁。患慢性左心衰，经休息、限盐、利尿、扩血管和使用洋地黄制剂 后出现恶心、食欲缺乏、视物模糊、神情淡漠等表现。检查心率46次/分，二联律。,洋地黄中毒引起的心律失常中，最常见的是,心房颤动,房性期前收缩,非阵发性交界性心动过速,室性期前收缩,房室传导阻滞,D,P23,"IMG_8651.png,IMG_8652.png,IMG_8653.png,IMG_8654.png,IMG_8655.png,IMG_8656.png,IMG_8657.png,IMG_8658.png,IMG_8659.png,IMG_8660.png,IMG_8661.png,IMG_8662.png,IMG_8663.png,IMG_8664.png",急性心肌梗死最常见的心律失常是室性期前收缩和室性心动过速，当发生 心律失常时，心房和心室收缩程序改变，能使心排血量下降30%左右，引起患者心悸、胸 闷、无力等症状。血液循环失常也是心律失常的一种表现，当发生心律失常时，也会出现这 样的现象。发生猝死最多的原因是心律失常。
A3/A4-10,A3/A4,10,,患者，女性，60岁。因突发心前区持续剧烈疼痛伴冷汗2小时就诊。查心电图在1、 皿、aVF3个导联上显示宽大Q波，ST 段抬高，呈现弓背向上的单向曲线。 第一篇内科护理学口,该患者最主要的护理问题是,潜在感染,活动无耐力,体液量过多,心排血量减少,潜在心律失常,B,P14,"IMG_8651.png,IMG_8652.png,IMG_8653.png,IMG_8654.png,IMG_8655.png,IMG_8656.png,IMG_8657.png,IMG_8658.png,IMG_8659.png,IMG_8660.png,IMG_8661.png,IMG_8662.png,IMG_8663.png,IMG_8664.png",该心肌梗死患者目前最主要的护理问题是活动无耐力，与心功能下降 有关。
A3/A4-10,A3/A4,10,,患者，男性，43岁。心脏病史10年。急性胃肠炎输液后出现气促、咳嗽、咳白色泡沫 痰。查体：心率120次/分，两肺底湿啰音。诊断为左心衰，心功能皿级。,该患者静脉输液最适宜的速度是,20~30滴/分,30~35滴/分,35~40滴/分,40~45滴/分,>50滴/分,B,P23,"IMG_8651.png,IMG_8652.png,IMG_8653.png,IMG_8654.png,IMG_8655.png,IMG_8656.png,IMG_8657.png,IMG_8658.png,IMG_8659.png,IMG_8660.png,IMG_8661.png,IMG_8662.png,IMG_8663.png,IMG_8664.png",该心肌梗死患者目前最主要的护理问题是活动无耐力，与心功能下降 有关。
A3/A4-11,A3/A4,11,,患者，女性，60岁。因突发心前区持续剧烈疼痛伴冷汗2小时就诊。查心电图在1、 皿、aVF3个导联上显示宽大Q波，ST 段抬高，呈现弓背向上的单向曲线。 第一篇内科护理学口,对该患者第1周的护理措施是双冰,低流量持续吸氧,高热量、高蛋白饮食,协助患者如厕,协助患者翻身、进食,指导患者床上活动,D,P14,"IMG_8651.png,IMG_8652.png,IMG_8653.png,IMG_8654.png,IMG_8655.png,IMG_8656.png,IMG_8657.png,IMG_8658.png,IMG_8659.png,IMG_8660.png,IMG_8661.png,IMG_8662.png,IMG_8663.png,IMG_8664.png",急性心肌梗死患者保证身心休息，减少心肌氧耗。急性期绝对卧床休息， 第1~3天绝对卧床休息；第4~7天 床休息。第1周的护理措施是协助患者翻身、进食。
A3/A4-11,A3/A4,11,,患者，男性，43岁。心脏病史10年。急性胃肠炎输液后出现气促、咳嗽、咳白色泡沫 痰。查体：心率120次/分，两肺底湿啰音。诊断为左心衰，心功能皿级。,该患者此时最适宜的体位是,侧卧位,俯卧位,平卧位,半坐位,头低足高位,D,P23,"IMG_8651.png,IMG_8652.png,IMG_8653.png,IMG_8654.png,IMG_8655.png,IMG_8656.png,IMG_8657.png,IMG_8658.png,IMG_8659.png,IMG_8660.png,IMG_8661.png,IMG_8662.png,IMG_8663.png,IMG_8664.png",急性心肌梗死患者保证身心休息，减少心肌氧耗。急性期绝对卧床休息， 第1~3天绝对卧床休息；第4~7天 床休息。第1周的护理措施是协助患者翻身、进食。
A3/A4-12,A3/A4,12,,患者，女性，60岁。因突发心前区持续剧烈疼痛伴冷汗2小时就诊。查心电图在1、 皿、aVF3个导联上显示宽大Q波，ST 段抬高，呈现弓背向上的单向曲线。 第一篇内科护理学口,在监护的过程中，发现患者烦躁不安，面色苍白，皮肤湿冷，脉细速，尿量减少。应警 惕发生,并发感染,严重心律失常,紧张、恐惧,心源性休克,急性左心衰,D,P14,"IMG_8651.png,IMG_8652.png,IMG_8653.png,IMG_8654.png,IMG_8655.png,IMG_8656.png,IMG_8657.png,IMG_8658.png,IMG_8659.png,IMG_8660.png,IMG_8661.png,IMG_8662.png,IMG_8663.png,IMG_8664.png",发现患者烦躁不安，面色苍白，皮肤湿冷，脉细速，尿量减少，应警惕 发生心源性休克。
A3/A4-12,A3/A4,12,,患者，男性，43岁。心脏病史10年。急性胃肠炎输液后出现气促、咳嗽、咳白色泡沫 痰。查体：心率120次/分，两肺底湿啰音。诊断为左心衰，心功能皿级。 第一篇 内科护理学口 •十十+,对该患者的护理措施，正确的是,注意保暖,保持排便通畅,给氧吸入,给予高热量饮食,记录出入水量,D,P24,"IMG_8651.png,IMG_8652.png,IMG_8653.png,IMG_8654.png,IMG_8655.png,IMG_8656.png,IMG_8657.png,IMG_8658.png,IMG_8659.png,IMG_8660.png,IMG_8661.png,IMG_8662.png,IMG_8663.png,IMG_8664.png",发现患者烦躁不安，面色苍白，皮肤湿冷，脉细速，尿量减少，应警惕 发生心源性休克。
A3/A4-13,A3/A4,13,,患者，女性，60岁。因突发心前区持续剧烈疼痛伴冷汗2小时就诊。查心电图在1、 皿、aVF3个导联上显示宽大Q波，ST 段抬高，呈现弓背向上的单向曲线。 第一篇内科护理学口,若患者突然发生心室颤动时护士首先采取的措施是,立即准备临时起搏治疗,在等待医生到来前应密切观察患者,立即准备静脉注射利多卡因书D.立即准备除颤器选择同步电复律,,立即准备除颤器选择非同步电复律 （14~16 题共用题干） 患者，女性，59岁。患高血压病近20年。近10天来出现心悸、气短、咳粉红色泡沫 痰，双肺满布湿啰音，坐位时呼吸困难减轻，收人院。,E,P14,"IMG_8651.png,IMG_8652.png,IMG_8653.png,IMG_8654.png,IMG_8655.png,IMG_8656.png,IMG_8657.png,IMG_8658.png,IMG_8659.png,IMG_8660.png,IMG_8661.png,IMG_8662.png,IMG_8663.png,IMG_8664.png",急性心肌梗死后最适宜使用利多卡因治疗室性心律失常，但当出现心室 颤动时，死亡率高，应紧急采用非同步电复律。
A3/A4-14,A3/A4,14,,患者，女性，60岁。因突发心前区持续剧烈疼痛伴冷汗2小时就诊。查心电图在1、 皿、aVF3个导联上显示宽大Q波，ST 段抬高，呈现弓背向上的单向曲线。 第一篇内科护理学口,此时应该考虑是,肺气肿 司謝,支气管哮喘,支气管扩张,急性肺淤血,急性气管炎,D,P14,"IMG_8651.png,IMG_8652.png,IMG_8653.png,IMG_8654.png,IMG_8655.png,IMG_8656.png,IMG_8657.png,IMG_8658.png,IMG_8659.png,IMG_8660.png,IMG_8661.png,IMG_8662.png,IMG_8663.png,IMG_8664.png",老年女性，高血压病史20年，近10天来感心悸、气短，咳嗽、咳粉红 色泡沫痰，听诊双肺满布湿啰音，端坐位时呼吸困难减轻，符合急性左心衰临床表现。
A3/A4-15,A3/A4,15,,患者，女性，60岁。因突发心前区持续剧烈疼痛伴冷汗2小时就诊。查心电图在1、 皿、aVF3个导联上显示宽大Q波，ST 段抬高，呈现弓背向上的单向曲线。 第一篇内科护理学口,若患者突然发生剧烈头痛伴喷射性呕吐，应考虑是室不显图由心,急性胃炎,上呼吸道感染,脑膜炎,脑炎,高血压脑病,E,P14,"IMG_8651.png,IMG_8652.png,IMG_8653.png,IMG_8654.png,IMG_8655.png,IMG_8656.png,IMG_8657.png,IMG_8658.png,IMG_8659.png,IMG_8660.png,IMG_8661.png,IMG_8662.png,IMG_8663.png,IMG_8664.png",患者突然剧烈头痛伴喷射样呕吐，考虑为高血压脑病引起颅内压增高 所致。
A3/A4-16,A3/A4,16,,患者，女性，60岁。因突发心前区持续剧烈疼痛伴冷汗2小时就诊。查心电图在1、 皿、aVF3个导联上显示宽大Q波，ST 段抬高，呈现弓背向上的单向曲线。 第一篇内科护理学口,若患者突然出现口斜眼歪、偏瘫及意识障碍，应考虑是,脑炎,脑出血,脑膜炎,脑血栓形成有古小,蛛网膜下腔出血 01 合查的 — 42,B,P14,"IMG_8651.png,IMG_8652.png,IMG_8653.png,IMG_8654.png,IMG_8655.png,IMG_8656.png,IMG_8657.png,IMG_8658.png,IMG_8659.png,IMG_8660.png,IMG_8661.png,IMG_8662.png,IMG_8663.png,IMG_8664.png",偏瘫、失语可能与持续血压增高导致脑出血有关。
A3/A4-17,A3/A4,17,,患者，女性，60岁。因突发心前区持续剧烈疼痛伴冷汗2小时就诊。查心电图在1、 皿、aVF3个导联上显示宽大Q波，ST 段抬高，呈现弓背向上的单向曲线。 第一篇内科护理学口 DO口 第二章 循环系统疾病患者的护理 （17~19 题共用题干） 某患者入院8小时后，突然出现急性左心衰，表现为呼吸困难，咳嗽，咳粉色泡沫样 痰，两肺满布干湿啰音，心率108次/分，通知医生。,给予该患者的护理措施，错误的是,静脉注射宜缓慢,静脉滴注硝酸甘油,肌内注射哌替啶,开放两条静脉，同时大量快输静脉药物,经乙醇湿化后给氧，流量5~6L/min,D,P15,"IMG_8651.png,IMG_8652.png,IMG_8653.png,IMG_8654.png,IMG_8655.png,IMG_8656.png,IMG_8657.png,IMG_8658.png,IMG_8659.png,IMG_8660.png,IMG_8661.png,IMG_8662.png,IMG_8663.png,IMG_8664.png",根据患者液体出入情况及用药要求，控制输液量和速度，以防诱发急性 肺水肿。静脉给药时务必稀释后缓慢静脉注射，并同时监测心率、心律及心电图变化。
A3/A4-18,A3/A4,18,,患者，女性，60岁。因突发心前区持续剧烈疼痛伴冷汗2小时就诊。查心电图在1、 皿、aVF3个导联上显示宽大Q波，ST 段抬高，呈现弓背向上的单向曲线。 第一篇内科护理学口 DO口 第二章 循环系统疾病患者的护理 （17~19 题共用题干） 某患者入院8小时后，突然出现急性左心衰，表现为呼吸困难，咳嗽，咳粉色泡沫样 痰，两肺满布干湿啰音，心率108次/分，通知医生。,下列关于左心衰的叙述，说法错误的是,肺循环淤血,咳白色泡沫样痰,劳力性呼吸困难出现较晚,左心室增大，心界向左扩失雙即,发生急性肺水肿，咳大量粉色泡沫痰,C,P15,"IMG_8651.png,IMG_8652.png,IMG_8653.png,IMG_8654.png,IMG_8655.png,IMG_8656.png,IMG_8657.png,IMG_8658.png,IMG_8659.png,IMG_8660.png,IMG_8661.png,IMG_8662.png,IMG_8663.png,IMG_8664.png",劳力性呼吸困难是最早出现的呼吸困难症状，因为体力活动会使回心血 量增加，左心房压力升高，肺淤血加重。
A3/A4-19,A3/A4,19,,患者，女性，60岁。因突发心前区持续剧烈疼痛伴冷汗2小时就诊。查心电图在1、 皿、aVF3个导联上显示宽大Q波，ST 段抬高，呈现弓背向上的单向曲线。 第一篇内科护理学口 DO口 第二章 循环系统疾病患者的护理 （17~19 题共用题干） 某患者入院8小时后，突然出现急性左心衰，表现为呼吸困难，咳嗽，咳粉色泡沫样 痰，两肺满布干湿啰音，心率108次/分，通知医生。,心功能皿级的判断标准是,不能从事任何体力活动。休息时亦有症状，体力活动后加重,应充分休息，可增加午睡时间及夜间睡眠时间，有利于下肢水肿的消退,以卧床休息为主，不允许患者下床进行排尿、排便等活动,体力活动不受限。日常活动不引起乏力、心悸、呼吸困难或心绞痛等症状,体力活动明显受限。休息时无症状，轻微的活动即可引起乏力、心悸、呼吸困难或 心绞痛等症状,E,P15,"IMG_8651.png,IMG_8652.png,IMG_8653.png,IMG_8654.png,IMG_8655.png,IMG_8656.png,IMG_8657.png,IMG_8658.png,IMG_8659.png,IMG_8660.png,IMG_8661.png,IMG_8662.png,IMG_8663.png,IMG_8664.png",心功能1级的特点：体力活动不受限，日常活动不出现心悸、气短、乏 力、心绞痛。心功能I级的特点：体力活动轻度受限，休息时无症状，一般日常活动即可出 现心悸、气短、乏力、心绞痛。心功能级的特点：体力活动明显受限，休息时无症状，轻 第一篇内科护理学 微的活动即可引起乏力、心悸、呼吸困难或心绞痛等症状。心功能I级的特点：不能从事任 何体力活动，休息时也有症状，活动后明显加重。
A3/A4-20,A3/A4,20,,患者，男性，53岁。阵发性心傳半年，时有胸闷，上二楼感觉气急3个月，下肢 水肿3天来院就诊。心电图示窦性心律，心率64次/分，P-R 间期0.24秒伴完全性右東支 传导阻滞，诊断为扩张型心肌病、心功能不全。人院后予以洋地黄、利尿药和扩血管药物治 疗。第4天突然神志不清、抽搐，听诊心音消失，血压为0。经救治以后神志清醒，心跳恢 复，心率45次/分，并有频发期前收缩。,患者神志不清、抽搐应考虑为,心源性休克,阿-斯综合征,脑栓塞,一过性脑血管痉挛,重度心力衰竭,B,P15,"IMG_8651.png,IMG_8652.png,IMG_8653.png,IMG_8654.png,IMG_8655.png,IMG_8656.png,IMG_8657.png,IMG_8658.png,IMG_8659.png,IMG_8660.png,IMG_8661.png,IMG_8662.png,IMG_8663.png,IMG_8664.png",阿-斯综合征即心源性脑缺血综合征，是指突然发作的严重的、致命性的 缓慢性和快速性心律失常，引起心排血量在短时间内锐减，产生严重的脑缺血症状。临床表 现：短暂意识丧失、面色苍白、发绀、血压下降、大小便失禁、抽搐等。心跳停止2~3秒 可表现为头晕；4~5秒则面色苍白、神志模糊；5~10 秒则可出现晕厥；15 秒以上则发生抽 搐和发绀。症状发作时心音消失、脉搏和血压测不到，ECG示窦性静止、室性心动过速、心室颤动或严重窦性心动过缓等。
A3/A4-21,A3/A4,21,,患者，男性，53岁。阵发性心傳半年，时有胸闷，上二楼感觉气急3个月，下肢 水肿3天来院就诊。心电图示窦性心律，心率64次/分，P-R 间期0.24秒伴完全性右東支 传导阻滞，诊断为扩张型心肌病、心功能不全。人院后予以洋地黄、利尿药和扩血管药物治 疗。第4天突然神志不清、抽搐，听诊心音消失，血压为0。经救治以后神志清醒，心跳恢 复，心率45次/分，并有频发期前收缩。,心电图示三度房室传导阻滞、频发室性期前收缩。其原因考虑与下列哪项有关,洋地黄,心力衰竭加重,利尿药,疾病的进展,扩血管药物,A,P15,"IMG_8651.png,IMG_8652.png,IMG_8653.png,IMG_8654.png,IMG_8655.png,IMG_8656.png,IMG_8657.png,IMG_8658.png,IMG_8659.png,IMG_8660.png,IMG_8661.png,IMG_8662.png,IMG_8663.png,IMG_8664.png",洋地黄中毒的心脏表现：各种类型的心律失常，最常见的是多源性室性 期前收缩二联律、三联律、房性心动过速伴房室传导阻滞，心房颤动伴加速性交界性心律 等。在应用洋地黄的过程中，原有的心力衰竭一度好转又突然加重，要注意洋地黄中毒。应 用洋地黄过程中出现室上性心动过速伴房室传导阻滞是洋地黄中毒的特征性表现。
A3/A4-22,A3/A4,22,,患者，男性，53岁。阵发性心傳半年，时有胸闷，上二楼感觉气急3个月，下肢 水肿3天来院就诊。心电图示窦性心律，心率64次/分，P-R 间期0.24秒伴完全性右東支 传导阻滞，诊断为扩张型心肌病、心功能不全。人院后予以洋地黄、利尿药和扩血管药物治 疗。第4天突然神志不清、抽搐，听诊心音消失，血压为0。经救治以后神志清醒，心跳恢 复，心率45次/分，并有频发期前收缩。 第一篇 内科护理学,此时应给予的处理是,临床心脏起搏下静脉滴注利多卡因 B.静脉注射普罗帕酮,,静脉滴注利多卡因,静脉滴注多巴酚丁胺,停用所有药物观察,A,P16,"IMG_8651.png,IMG_8652.png,IMG_8653.png,IMG_8654.png,IMG_8655.png,IMG_8656.png,IMG_8657.png,IMG_8658.png,IMG_8659.png,IMG_8660.png,IMG_8661.png,IMG_8662.png,IMG_8663.png,IMG_8664.png",利多卡因是洋地黄中毒引起的各种快速型心律失常最安全和有效的首选 药物。利多卡因属于IB 类抗心律失常药物，主要用于治疗室性心律失常，开胸手术，洋地 黄中毒和急性心肌梗死引起的室性心律失常。为防治急性心肌梗死所伴有的室性心律失常的 首选药，可降低其发病率和死亡率
A3/A4-23,A3/A4,23,,患者，男性，53岁。阵发性心傳半年，时有胸闷，上二楼感觉气急3个月，下肢 水肿3天来院就诊。心电图示窦性心律，心率64次/分，P-R 间期0.24秒伴完全性右東支 传导阻滞，诊断为扩张型心肌病、心功能不全。人院后予以洋地黄、利尿药和扩血管药物治 疗。第4天突然神志不清、抽搐，听诊心音消失，血压为0。经救治以后神志清醒，心跳恢 复，心率45次/分，并有频发期前收缩。 第一篇 内科护理学,如果患者神志不清发作时，护士在观察病情时发现下列哪种情况应准备做电复律治疗,频发室性期前收缩,短阵成串室性心动过速,心房颤动,心房扑动,心室扑动或心室颤动,E,P16,"IMG_8651.png,IMG_8652.png,IMG_8653.png,IMG_8654.png,IMG_8655.png,IMG_8656.png,IMG_8657.png,IMG_8658.png,IMG_8659.png,IMG_8660.png,IMG_8661.png,IMG_8662.png,IMG_8663.png,IMG_8664.png",电复律适应证：心室颤动、心室扑动首选电复律；心房颤动、心房扑动 伴血流动力学不稳定者可首选；室性、室上性心动过速先用药物或其他方法，无效或伴有显 著血流动力障碍时用电复律。
A3/A4-24,A3/A4,24,,患者，男性，55岁。近半年来常于劳累后感疲乏，伴劳力性呼吸困难和发作性心前区 闷痛，休息后稍好转。外院诊断为“心律失常、二度I型房室传导阻滞”，治疗情况不详。 半天前，患者在工作时突然发生晕厥，伴抽搐。查体：心率30次/分，血压85/55mmHlg。 急诊以“晕厥待查”收人院。,二度I型房室传导阻滞心电图的特点是,P-R 间期逐渐延长，直至QRS波群脱落,马-R 同期大于0.02秒，无 QRS 波群脱落,P-R 间期固定，可正常亦可延长，有间断性的QRS 波群脱落,P-R 间期固定且延长，有间断性的QRS波群脱落 E，P-R间期固定且正常，有间断性的QRS 波群脱落,,C,P16,"IMG_8651.png,IMG_8652.png,IMG_8653.png,IMG_8654.png,IMG_8655.png,IMG_8656.png,IMG_8657.png,IMG_8658.png,IMG_8659.png,IMG_8660.png,IMG_8661.png,IMG_8662.png,IMG_8663.png,IMG_8664.png",二度I型房室传导阻滞（莫氏I型）：①P-R 间期固定，可正常或延长。 ②QRS 波群有间期性脱漏，阻滞程度可经常变化，可为1： 、2:1、3： 、3:2、4:3等。下 传的 QRS 波群多呈束支传导阻滞图形。
A3/A4-25,A3/A4,25,,患者，男性，55岁。近半年来常于劳累后感疲乏，伴劳力性呼吸困难和发作性心前区 闷痛，休息后稍好转。外院诊断为“心律失常、二度I型房室传导阻滞”，治疗情况不详。 半天前，患者在工作时突然发生晕厥，伴抽搐。查体：心率30次/分，血压85/55mmHlg。 急诊以“晕厥待查”收人院。,对于该患者的治疗，应尽早给予,高流量吸氧,持续低流量吸氧,阿托品静脉注射,人工心脏起搏器治疗,昇丙肾上腺素静脉注射,D,P16,"IMG_8651.png,IMG_8652.png,IMG_8653.png,IMG_8654.png,IMG_8655.png,IMG_8656.png,IMG_8657.png,IMG_8658.png,IMG_8659.png,IMG_8660.png,IMG_8661.png,IMG_8662.png,IMG_8663.png,IMG_8664.png",心律失常三度I型房室传导阻滞患者的治疗，应尽早给予人工心脏起搏 器治疗。
A3/A4-26,A3/A4,26,,患者，男性，55岁。近半年来常于劳累后感疲乏，伴劳力性呼吸困难和发作性心前区 闷痛，休息后稍好转。外院诊断为“心律失常、二度I型房室传导阻滞”，治疗情况不详。 半天前，患者在工作时突然发生晕厥，伴抽搐。查体：心率30次/分，血压85/55mmHlg。 急诊以“晕厥待查”收人院。,对该患者的病情观察项目中，不必要的是,神志变化,心律和心率的变化,生命体征,之力、胸闷有无好转,全身皮肤黏膜的完整性,E,P16,"IMG_8651.png,IMG_8652.png,IMG_8653.png,IMG_8654.png,IMG_8655.png,IMG_8656.png,IMG_8657.png,IMG_8658.png,IMG_8659.png,IMG_8660.png,IMG_8661.png,IMG_8662.png,IMG_8663.png,IMG_8664.png",①观察生命体征：密切观察脉搏、呼吸、血压、心率、心律，以及神志、面色等变化，同时应注意患者的电解质及酸碱平衡情况变化。②心电监护：严重心律失常患 者应实行心电监护，注意有无引起猝死的危险征兆。观察全身皮肤、黏膜的完整性无必要。
B-1,B,1,,,心绞痛发作时应,,,,,,C,P17,"IMG_8651.png,IMG_8652.png,IMG_8653.png,IMG_8654.png,IMG_8655.png,IMG_8656.png,IMG_8657.png,IMG_8658.png,IMG_8659.png,IMG_8660.png,IMG_8661.png,IMG_8662.png,IMG_8663.png,IMG_8664.png",心绞痛发作时即刻休息，应舌下含服硝酸甘油。硝酸酯类药物是最有效、作用最快终止心绞痛发作的药物。
B-2,B,2,,,急性心肌梗死时应 （3~5 题共用备选答案）,低胆固醇、高维生素、低盐饮食、少饮酒,低糖、低脂肪、低蛋白、高维生素饮食,低盐、低脂肪、高蛋白、高糖饮食,易消化、富含蛋白质和维生素饮食,低动物脂肪、低胆固醇、少糖、少盐、适量蛋白饮食,B,P17,"IMG_8651.png,IMG_8652.png,IMG_8653.png,IMG_8654.png,IMG_8655.png,IMG_8656.png,IMG_8657.png,IMG_8658.png,IMG_8659.png,IMG_8660.png,IMG_8661.png,IMG_8662.png,IMG_8663.png,IMG_8664.png",急性心肌梗死时应绝对卧床休息，保持病房安静。
B-3,B,3,,,冠状动脉粥样硬化性心脏病患者的饮食宜,,,,,,E,P17,"IMG_8651.png,IMG_8652.png,IMG_8653.png,IMG_8654.png,IMG_8655.png,IMG_8656.png,IMG_8657.png,IMG_8658.png,IMG_8659.png,IMG_8660.png,IMG_8661.png,IMG_8662.png,IMG_8663.png,IMG_8664.png",冠心病患者宜摄入低热量、低动物脂肪、低胆固醇、少糖、少盐、适量蛋 白质食物，饮食中应有适量的纤维素和丰富的维生素，宜少食多餐，不宜过饱，不饮浓茶， 咖啡，避免辛辣刺激性食物。肥胖者控制体重。 一 60— 1 第二章 循环系统疾病患者的护理
B-4,B,4,,,高血压病患者的饮食宜,,,,,,A,P17,"IMG_8651.png,IMG_8652.png,IMG_8653.png,IMG_8654.png,IMG_8655.png,IMG_8656.png,IMG_8657.png,IMG_8658.png,IMG_8659.png,IMG_8660.png,IMG_8661.png,IMG_8662.png,IMG_8663.png,IMG_8664.png",高血压病患者宜改变不良生活方式，戒烟限酒，劳逸结合，保证充足睡 眠；坚持低盐、低脂、低胆固醇饮食，多吃新鲜蔬菜水果；控制体重。
B-5,B,5,,,病毒性心肌炎患者的饮食宜 （6~8题共用备选答案）,抑制血小板聚集,改善心肌营养与代谢,扩张冠脉及外周血管，减轻心脏负担,减慢心率，降低心肌收缩力,扩张静脉及周围血管,D,P17,"IMG_8651.png,IMG_8652.png,IMG_8653.png,IMG_8654.png,IMG_8655.png,IMG_8656.png,IMG_8657.png,IMG_8658.png,IMG_8659.png,IMG_8660.png,IMG_8661.png,IMG_8662.png,IMG_8663.png,IMG_8664.png",病毒性心肌炎患者要食用高蛋白质、富含维生素和易消化的饮食，多食新 鲜蔬菜、水果等高维生素C的食物。
B-6,B,6,,,硝酸异山梨酯治疗心绞痛的作用原理是,,,,,,C,P17,"IMG_8651.png,IMG_8652.png,IMG_8653.png,IMG_8654.png,IMG_8655.png,IMG_8656.png,IMG_8657.png,IMG_8658.png,IMG_8659.png,IMG_8660.png,IMG_8661.png,IMG_8662.png,IMG_8663.png,IMG_8664.png",硝酸异山梨酯属于硝酸酯类药物，其治疗心绞痛作用原理是扩张冠脉及外 周血管，减轻心脏负担。
B-7,B,7,,,B 受体阻断药治疗心绞痛的作用原理是,,,,,,D,P17,"IMG_8651.png,IMG_8652.png,IMG_8653.png,IMG_8654.png,IMG_8655.png,IMG_8656.png,IMG_8657.png,IMG_8658.png,IMG_8659.png,IMG_8660.png,IMG_8661.png,IMG_8662.png,IMG_8663.png,IMG_8664.png",B受体阻断药通过阻断B受体使心肌收缩力减弱、心肌纤维缩短速度减 慢、减慢心率及降低血压，可明显减少心肌氧耗量。 高/8.A【解析】阿司匹林用于心绞痛缓解期治疗的作用原理是抗血小板聚集，防止血栓 形成。
B-8,B,8,,,阿司匹林用于心绞痛缓解期治疗的作用原理是 （9~10 题共用备选答案）,绝对卧床休息,,限制钠盐的摄人,,使用硝酸甘油制剂,,P17,,
B-9,B,9,,,高血压危象和高血压脑病紧急处理中最关键的是,,,,,,D,P17,"IMG_8651.png,IMG_8652.png,IMG_8653.png,IMG_8654.png,IMG_8655.png,IMG_8656.png,IMG_8657.png,IMG_8658.png,IMG_8659.png,IMG_8660.png,IMG_8661.png,IMG_8662.png,IMG_8663.png,IMG_8664.png",高血压危重症的治疗措施是快速降压、降低颅内压，以减轻脑水肿，制止 抽搐。
B-10,B,10,,,心绞痛的首要处理措施是,常规给氧,降温、脱水,,降低颅内压，制止抽搐 （11~12题共用备选答案） —45,,E,P17,"IMG_8651.png,IMG_8652.png,IMG_8653.png,IMG_8654.png,IMG_8655.png,IMG_8656.png,IMG_8657.png,IMG_8658.png,IMG_8659.png,IMG_8660.png,IMG_8661.png,IMG_8662.png,IMG_8663.png,IMG_8664.png",心绞痛时应选用作用快、疗效高的硝酸酯制剂，扩张冠状动脉。 L~12.B、E【解析】心肺复苏后脑缺氧应降温、脱水，降低脑的氧耗量；心肺复苏后 循环功能不足应纠正低血压、强心。
B-11,B,11,,,心肺复苏后脑缺氧应,,,,,,,P18,,
B-12,B,12,,,心肺复苏后循环功能不足应,心律不齐，有心音脱漏现象,心率30~40次/分，常有晕厥,心率50~60次/分，自觉无不适 D. 心率100~140次/分，律齐,纠正酸中毒 （13~15 题共用备选答案）,心率160~220次/分，律齐，突发突止,,P18,,
B-13,B,13,,,窦性心动过缓,,,,,,C,P18,"IMG_8651.png,IMG_8652.png,IMG_8653.png,IMG_8654.png,IMG_8655.png,IMG_8656.png,IMG_8657.png,IMG_8658.png,IMG_8659.png,IMG_8660.png,IMG_8661.png,IMG_8662.png,IMG_8663.png,IMG_8664.png",成人窦性心律的频率低于60次/分，称为窦性心动过缓。多无自觉症状， 当心率过缓出现心排血量不足，患者可有胸闷、头晕，甚至晕厥等症状。窦性心动过缓常同 时伴发窦性心律不齐，心率<60次/分，一般不低于40次/分。
B-14,B,14,,,窦性心动过速,,,,,,D,P18,"IMG_8651.png,IMG_8652.png,IMG_8653.png,IMG_8654.png,IMG_8655.png,IMG_8656.png,IMG_8657.png,IMG_8658.png,IMG_8659.png,IMG_8660.png,IMG_8661.png,IMG_8662.png,IMG_8663.png,IMG_8664.png",成人窦性心律的频率超过100次/分，称为窦性心动过速。窦性心动过速 通常逐渐开始与终止，其频率大多在100~150次/分，偶有高达200次/分。
B-15,B,15,,,阵发性室上性心动过速 （16~19 题共用备选答案） 且怠,避免重体力劳动,绝对卧床休息,充分休息，可增加午睡时间及夜间睡眠时间,限制活动，多卧床休息,以卧床休息为主，但允许患者慢慢下床进行排尿、排便等活动,E,P18,"IMG_8651.png,IMG_8652.png,IMG_8653.png,IMG_8654.png,IMG_8655.png,IMG_8656.png,IMG_8657.png,IMG_8658.png,IMG_8659.png,IMG_8660.png,IMG_8661.png,IMG_8662.png,IMG_8663.png,IMG_8664.png",阵发性室上性心动过速临床症状是心动过速发作突然开始与终止，持续 时间长短不一。心率快，多在160~220次/分，节律规则。
B-16,B,16,,,心功能I级者应,,,,,,A,P18,"IMG_8651.png,IMG_8652.png,IMG_8653.png,IMG_8654.png,IMG_8655.png,IMG_8656.png,IMG_8657.png,IMG_8658.png,IMG_8659.png,IMG_8660.png,IMG_8661.png,IMG_8662.png,IMG_8663.png,IMG_8664.png",休息的方式和时间应根据患者心功能情况安排。心功能
B-17,B,17,,,心功能I级者应,,,,,,C,P18,"IMG_8651.png,IMG_8652.png,IMG_8653.png,IMG_8654.png,IMG_8655.png,IMG_8656.png,IMG_8657.png,IMG_8658.png,IMG_8659.png,IMG_8660.png,IMG_8661.png,IMG_8662.png,IMG_8663.png,IMG_8664.png",休息的方式和时间应根据患者心功能情况安排。心功能
B-18,B,18,,,心功能I级者应,,,,,,E,P18,"IMG_8651.png,IMG_8652.png,IMG_8653.png,IMG_8654.png,IMG_8655.png,IMG_8656.png,IMG_8657.png,IMG_8658.png,IMG_8659.png,IMG_8660.png,IMG_8661.png,IMG_8662.png,IMG_8663.png,IMG_8664.png",休息的方式和时间应根据患者心功能情况安排。心功能
B-19,B,19,,,心功能I级者应,,,,,,B,P18,"IMG_8651.png,IMG_8652.png,IMG_8653.png,IMG_8654.png,IMG_8655.png,IMG_8656.png,IMG_8657.png,IMG_8658.png,IMG_8659.png,IMG_8660.png,IMG_8661.png,IMG_8662.png,IMG_8663.png,IMG_8664.png",休息的方式和时间应根据患者心功能情况安排。心功能
X-1,X,1,,,下列有关心脏传导系统的叙述，正确的是,房室结具有自律性：昨业域,心脏的正常起搏点是窦房结,正常人由窦房结发放冲动,传导系统的主要功能为产生并传导冲动，维持心脏的正常节律,心脏的传导系统由窦房结、结间束、房室结、左右束支和浦肯野纤维网组成,ABCD,P18,"IMG_8651.png,IMG_8652.png,IMG_8653.png,IMG_8654.png,IMG_8655.png,IMG_8656.png,IMG_8657.png,IMG_8658.png,IMG_8659.png,IMG_8660.png,IMG_8661.png,IMG_8662.png,IMG_8663.png,IMG_8664.png",心脏传导系统由负责正常冲动形成与冲动传导的特殊心肌细胞组成。 包括窦房结、结间束、房室结、希氏束、左右東支及其分支和浦肯野纤维网。本系统能节律 地发放冲动，并将冲动迅速传到普通心肌使之兴奋而收缩，其中窦房结具有最高的自律性。
X-2,X,2,,,心功能分级的主要依据有,有无心律失常,有无神志改变,,,,CD,P18,"IMG_8651.png,IMG_8652.png,IMG_8653.png,IMG_8654.png,IMG_8655.png,IMG_8656.png,IMG_8657.png,IMG_8658.png,IMG_8659.png,IMG_8660.png,IMG_8661.png,IMG_8662.png,IMG_8663.png,IMG_8664.png",心功能分级的主要依据有有无脏器淤血表现和耐受体力活动情况。
X-3,X,3,,,确定心脏病患者是否可以妊娠的依据是,孕妇的年龄,心功能分级,心脏病的程度,心脏病类型,既往有无生育史,ABCD,P19,"IMG_8651.png,IMG_8652.png,IMG_8653.png,IMG_8654.png,IMG_8655.png,IMG_8656.png,IMG_8657.png,IMG_8658.png,IMG_8659.png,IMG_8660.png,IMG_8661.png,IMG_8662.png,IMG_8663.png,IMG_8664.png",有无生育史不属于确定心脏病患者是否可以妊娠的依据。 —61 第一篇内科护理学
X-4,X,4,,,冠心病心绞痛发作于,劳累的当时,发生在劳累1天之后,情绪激动当时,饱餐的当时，以,受寒当时,ACDE,P19,"IMG_8651.png,IMG_8652.png,IMG_8653.png,IMG_8654.png,IMG_8655.png,IMG_8656.png,IMG_8657.png,IMG_8658.png,IMG_8659.png,IMG_8660.png,IMG_8661.png,IMG_8662.png,IMG_8663.png,IMG_8664.png",情绪激动、劳累、饱餐、受凉等为心绞痛发作诱因，当下即发作。
X-5,X,5,,,稳定型心绞痛发作的特点包括,劳累后发生,心前区疼痛,压迫、憋闷或紧缩样感,持续30分钟以上H,舌下含服硝酸甘油数分钟缓解,ABCE,P19,"IMG_8651.png,IMG_8652.png,IMG_8653.png,IMG_8654.png,IMG_8655.png,IMG_8656.png,IMG_8657.png,IMG_8658.png,IMG_8659.png,IMG_8660.png,IMG_8661.png,IMG_8662.png,IMG_8663.png,IMG_8664.png",稳定型心绞痛典型疼痛特点如下。①部位：主要在胸骨体中，上段之 后，或心前区，界限不很清楚，常放射至左肩、左臂内侧达环指和小指，或至颈、咽或下颌 部。②性质：常为压迫样、憋闷感或紧缩样感，也可有烧灼感，但与针刺或刀割样锐性痛不 同，偶伴濒死感。有些患者仅觉胸闷而非胸痛。⑧诱因：体力劳动、情绪激动、饱餐、寒 冷、吸烟、心动过速、休克等。④持续时间：疼痛出现后常逐渐加重，持续3~5分钟，一 般休息或舌下含服硝酸甘油可缓解。
X-6,X,6,,,下列有关护士对心肌梗死后患者活动的指导，正确的有,若运动时心率增加超过10次/分，则应退回到前一运动水平 血又员,病后前3天绝对卧床休息，可进行腹式呼吸、擦脸、关节被动运动等活动,病后第2周可坐于椅子上就餐、洗漱，于病室内行走，于室外走廊散步等,病后第3周可在他人帮助下洗澡、如厕，试着上下一层楼梯,病后第4天起可进行关节主动运动，坐位洗激、进餐，床上静坐，床边使用坐便器,BCDE,P19,"IMG_8651.png,IMG_8652.png,IMG_8653.png,IMG_8654.png,IMG_8655.png,IMG_8656.png,IMG_8657.png,IMG_8658.png,IMG_8659.png,IMG_8660.png,IMG_8661.png,IMG_8662.png,IMG_8663.png,IMG_8664.png",本题考查心肌梗死患者的康复运动。运动应以不引起任何不适为度， 心率增加10~20次/分为正常反应，运动时心率增加小于10次/分，可加大运动量，进入高 一阶段的训练。若运动时，心率增加超过20次/分，收缩压降低超过15mmHg，出现心律失 常，或心电图 ST 段缺血型下降>0.1mV或上升>0.2mV，则应退回到前一运动水平，若仍 不能纠正，应停止活动。 7.BCDE（解析】急性心肌梗死后慢速型心律失常可用阿托品。
X-7,X,7,,,急性心肌梗死后心律失常的处理措施是,发生快速型心律失常，可用阿托品,发生室上性快速型心律失常，多用维拉帕米,持续阵发性室性心动过速，首选利多卡因静脉注射,发生二度I 型或三度房室传导阻滞，可植人人工心脏起搏器,发生持续多形性室性心动过速，应尽快采用非同步直流电除颤,A,P19,"IMG_8651.png,IMG_8652.png,IMG_8653.png,IMG_8654.png,IMG_8655.png,IMG_8656.png,IMG_8657.png,IMG_8658.png,IMG_8659.png,IMG_8660.png,IMG_8661.png,IMG_8662.png,IMG_8663.png,IMG_8664.png",恶心、食欲缺乏、视物模糊、神情淡漠等表现为洋地黄中毒的表现。
X-8,X,8,,,冠状动脉介入治疗后患者出现迷走神经反射的症状有,腹痛,头痛,胸闷、出汗、呕吐,心率缓、血压低,短暂意识不清,CDE,P19,"IMG_8651.png,IMG_8652.png,IMG_8653.png,IMG_8654.png,IMG_8655.png,IMG_8656.png,IMG_8657.png,IMG_8658.png,IMG_8659.png,IMG_8660.png,IMG_8661.png,IMG_8662.png,IMG_8663.png,IMG_8664.png",冠状动脉介入手术中血管迷走神经反射是一种较为常见、高度危险的 急症，有可能危及患者的生命。主要表现有患者出现胸部闷痛、面色苍白、气短、恶心、呕 吐、头晕、出冷汗等。心率和血压变化与拔管前相比，血压下降15mmHg、心率减慢10次/分。
X-9,X,9,,,急性病毒性心肌炎糖皮质激素的应用指征是,心源性休克,心脑综合征，以/,三度房室传导阻滞,严重心力衰竭,急性早期病例,ABCD,P19,"IMG_8651.png,IMG_8652.png,IMG_8653.png,IMG_8654.png,IMG_8655.png,IMG_8656.png,IMG_8657.png,IMG_8658.png,IMG_8659.png,IMG_8660.png,IMG_8661.png,IMG_8662.png,IMG_8663.png,IMG_8664.png",急性病毒性心肌炎糖皮质激素的应用指征：①心源性休克。②心脑综 合征。③三度房室传导阻滞。④严重心力衰竭。
X-10,X,10,,,下列因素中，参与原发性高血压发病机制的有,胰岛素抵抗,自身免疫缺陷,精神长期过度紧张,血管内皮功能异常,肾素-血管紧张素系统,ACDE,P20,"IMG_8651.png,IMG_8652.png,IMG_8653.png,IMG_8654.png,IMG_8655.png,IMG_8656.png,IMG_8657.png,IMG_8658.png,IMG_8659.png,IMG_8660.png,IMG_8661.png,IMG_8662.png,IMG_8663.png,IMG_8664.png",原发性高血压发病机制如下。①反复过度紧张与精神刺激：引起交 感神经兴奋、儿茶酚胺分泌增加，使心输出量和外周血管阻力增加。②肾功能异常：导致 水、钠潴留和血容量增加，肾素一血管紧张素-醛固酮系统失调。③内分泌因素：肾上腺髓 质分泌去甲肾上腺素增多，引起外周小血管收缩；肾上腺素增多增加心排血量，均可使血压 升高。④血管内皮功能异常：正常情况下，血管舒张物质和收缩物质保持平衡。⑤胰岛素抵 抗：X综合征（胰岛素抵抗综合征）：高血压常与向心性肥胖、血脂异常、葡萄糖耐量异常
X-11,X,11,,,下列属于高血压所致的病理改变的有,微小动脉瘤破裂引起脑出血,肾动脉粥样硬化引起肾衰,高血压病患者脑血栓发病率增加,高血压加速动脉粥样硬化，冠心病发病率增加,肾小球细动脉玻璃样变引起肾单位损失,ACDE,P20,"IMG_8651.png,IMG_8652.png,IMG_8653.png,IMG_8654.png,IMG_8655.png,IMG_8656.png,IMG_8657.png,IMG_8658.png,IMG_8659.png,IMG_8660.png,IMG_8661.png,IMG_8662.png,IMG_8663.png,IMG_8664.png",早期高血压病无明显病理改变，长期高血压引起的全身小动脉病变， 表现为小动脉中层平得肌细胞增殖和纤维化，管壁明显增厚和管腔狹窄，导致重要器官心、脑、肾组织缺血。①心脏：高血压的心脏改变主要是左心室肥厚和扩大，称之为高血压心胜 病，最终可导致心力衰竭，长期高血压常合并冠状动脉粥样硬化和微血管病变。②脑：长期 高血压使脑血管发生缺血与变性，容易形成微动脉瘤，从而发生脑出血。高血压促进脑动脉 粥样硬化，可并发脑血栓形成。脑小动脉闭塞性病变，主要发生在大脑中动脉的垂直穿透 支，引起腔隙性脑梗死。③肾脏：长期持续高血压使肾小球内囊压力升高，肾小球纤维化， 萎缩，以及肾动脉硬化，因肾实质缺血和肾单位不断减少，最终导致肾衰竭。④视网膜：长 期持续高血压使视网膜小动脉早期发生痉挛，随着病程进展出现硬化改变。血压急骤升高可 口 第二章 循环系统疾病患者的护理 引起视网膜渗出和出血。
X-12,X,12,,,急性左心衰使用血管扩张药的应用指征包括,急性左心衰的早期阶段,收缩压小于90mmHg者,收缩压大于110mmHg 者,收缩压90~100mmHg 者,收缩压100~110mmHig 者,AC,P20,"IMG_8651.png,IMG_8652.png,IMG_8653.png,IMG_8654.png,IMG_8655.png,IMG_8656.png,IMG_8657.png,IMG_8658.png,IMG_8659.png,IMG_8660.png,IMG_8661.png,IMG_8662.png,IMG_8663.png,IMG_8664.png",急性左心衰使用血管扩张药的应用指征：①急性左心衰的早期阶段。 ②收缩压大于110mmHg者。
X-13,X,13,,,心力衰竭患者应用洋地黄类药物的护理措施有,观察毒性不良反应,可与奎尼丁、维拉帕米合用,给药因个体差异随时调整,定期测血中地高辛浓度,给药时应观察患者有无恶心、呕吐、乏力、色视等,ACDE,P20,"IMG_8651.png,IMG_8652.png,IMG_8653.png,IMG_8654.png,IMG_8655.png,IMG_8656.png,IMG_8657.png,IMG_8658.png,IMG_8659.png,IMG_8660.png,IMG_8661.png,IMG_8662.png,IMG_8663.png,IMG_8664.png",洋地黄不与奎尼丁、普罗帕酮、维拉帕米、钙剂、胺碘酮等药物合 用，以免降低洋地黄类药物肾排泄率，增加药物毒性。
X-14,X,14,,,下列有关急性左心衰患者给氧护理的操作正确的有背,低流量2~4L/min,高流量6~8L/min,鼻导管吸氧,必要时加压给氧,乙醇湿化（30%~50%乙醇）,BCDE,P20,"IMG_8651.png,IMG_8652.png,IMG_8653.png,IMG_8654.png,IMG_8655.png,IMG_8656.png,IMG_8657.png,IMG_8658.png,IMG_8659.png,IMG_8660.png,IMG_8661.png,IMG_8662.png,IMG_8663.png,IMG_8664.png",急性心力衰竭吸氧：吸入高流量（6~8L/min）氧气，加入30%~50% 乙醇湿化。对病情严重患者可采用呼吸机持续加压面罩吸氧或双水平气道加压给氧，以增加 肺泡内的压力，促进气体交换，对抗组织液向肺泡内渗透。
X-15,X,15,,,慢性心力衰竭患者的病情观察包括,每日测量体重,皮肤黏膜发绀情况,身体下垂部位有无水肿,颈静脉怒张和肺部啰音,关节活动范围和肢体活动能力,ABCD,P20,"IMG_8651.png,IMG_8652.png,IMG_8653.png,IMG_8654.png,IMG_8655.png,IMG_8656.png,IMG_8657.png,IMG_8658.png,IMG_8659.png,IMG_8660.png,IMG_8661.png,IMG_8662.png,IMG_8663.png,IMG_8664.png",本题考查慢性心力衰竭患者的病情监测。心力衰竭患者应注意监测 水肿的情况，观察身体下垂部位有无水肿，并每日测量体重以了解水肿的消长情况，同时观 察缺氧所致的皮肤黏膜发绀情况以及颈静脉怒张和肺部啰音。由于患者没有关节的损害，散 不需要观察关节活动范围和肢体活动能力。
X-16,X,16,,,慢性心力衰竭患者应用硝普钠的护理注意事项包括,避光滴注 B，监测地高辛浓度，预防洋地黄中毒,,用药过程中监测血压变化，注意输液速度,药物现用现配，每4小时重新配制1次,注意防止低血压反应 48—,ACDE,P20,"IMG_8651.png,IMG_8652.png,IMG_8653.png,IMG_8654.png,IMG_8655.png,IMG_8656.png,IMG_8657.png,IMG_8658.png,IMG_8659.png,IMG_8660.png,IMG_8661.png,IMG_8662.png,IMG_8663.png,IMG_8664.png",本题考查了应用硝普钠的护理。慢性心力衰竭患者应用硝普钠注意 事项：用药过程中监测血压变化，根据血压情况调节输液速度；注意防止低血压反应；药物 现用现配，每4小时重新配制1次，输注时应避光滴注。
X-17,X,17,,,慢性心力衰竭患者的护理诊断有,焦虑,气体交换受损,心排血量增加,活动无耐力,体液过多,ABDE,P21,"IMG_8651.png,IMG_8652.png,IMG_8653.png,IMG_8654.png,IMG_8655.png,IMG_8656.png,IMG_8657.png,IMG_8658.png,IMG_8659.png,IMG_8660.png,IMG_8661.png,IMG_8662.png,IMG_8663.png,IMG_8664.png",慢性心力衰竭的护理诊断如下。①气体交换受损：与左心衰致肺循 环淤血有关。②体液过多：与右心衰致体循环淤血、水钠潴留、低蛋白血症有关。③活动无 耐力：与心脏排血量下降有关。④潜在并发症：洋地黄中毒。⑤焦虑：长期的疾病折磨和心 力衰竭的反复出现有关。 距高18.ABCD【解析】慢性心力衰竭減轻心脏负担的措施如下。①休息：限制体力和心理 活动，减轻心脏负荷，是心力衰竭时对患者的基本治疗方法。②饮食；控制饮食中钠盐的摄 入量，如使用利尿药可不必过严，控制在<5g/d为宜。水肿明显时应限制水的摄入量。 ③吸氧：给予持续氧气吸入，流量2~41/min，增加血氧饱和度，改善呼吸困难。④利尿药 应用：利尿药可排除体内潴留的体液，减轻心脏前负荷，改善心功能。常用的利尿药有排钾 利尿药和保钾利尿药。⑤扩血管药物应用：通过扩张小动脉，减轻心脏后负荷；通过扩张小 静脉，减轻心脏前负荷。
X-18,X,18,,,下列可以减轻慢性心力衰竭患者的心脏负担的治疗措施有,吸氧,使用利尿药,心身休息,使用扩血管药物,使用洋地黄类药物,,P21,,
X-19,X,19,,,房颤患者可出现下列哪些脉律,脉搏短绌,交替脉,水冲脉,不整脉,奇脉,AD,P21,"IMG_8651.png,IMG_8652.png,IMG_8653.png,IMG_8654.png,IMG_8655.png,IMG_8656.png,IMG_8657.png,IMG_8658.png,IMG_8659.png,IMG_8660.png,IMG_8661.png,IMG_8662.png,IMG_8663.png,IMG_8664.png",房颤时第一心音强弱不定，心律极不规则，当心室率快时可发生脉搏短 绌。奇脉常见于心包积液时；交替脉是左心衰的早期表现；脉压减小时可出现细迟脉；房颤 时有脉搏短绌；水冲脉是脉压增大的表现。水冲脉是指脉搏骤起骤落、急促而有力；交替脉 是指脉搏强弱交替出现、节律正常；短绌脉是指脉搏少于心率，是不整脉的一种；吸气时脉 搏显著减弱或消失称为奇脉。
X-20,X,20,,,下列叙述中，符合室性期前收缩的心电图特点的是,QRS 波群时限>0.12秒,QRS波群提前出现,QRS 波群后有完全代偿间歇,QRS波群形态宽大畸形,QRS 波群前有逆行P波,ABCD,P21,"IMG_8651.png,IMG_8652.png,IMG_8653.png,IMG_8654.png,IMG_8655.png,IMG_8656.png,IMG_8657.png,IMG_8658.png,IMG_8659.png,IMG_8660.png,IMG_8661.png,IMG_8662.png,IMG_8663.png,IMG_8664.png",室性期前收缩：QRS波群提前出现，形态宽大畸形，QRS 时限 >0.12秒，与前一个P波无相关；T波常与 QRS 波群的主波方向相反；期前收缩后有完全 代偿间歇。 63— Option fn control 第一篇 內科护理学
X-21,X,21,,,下列有关电复律的各项护理措施中，说法正确的是,预防并发症,术后卧床休息1周,电复律前禁食2小时,注意观察神志、面色、肢体活动,观察有无皮肤灼伤,ADE,P21,"IMG_8651.png,IMG_8652.png,IMG_8653.png,IMG_8654.png,IMG_8655.png,IMG_8656.png,IMG_8657.png,IMG_8658.png,IMG_8659.png,IMG_8660.png,IMG_8661.png,IMG_8662.png,IMG_8663.png,IMG_8664.png",复律术前禁食6小时，排空膀胱。术后患者卧床休息.24小时，清醒后 2小时内避免进食，以免恶心、呕吐。
X-22,X,22,,,发生下列哪项心律失常时患者随时有猝死危险,心房颤动,心室颤动,阵发性室性心动过速,三度房室传导阻滞,窦性心动过速,BCD,P21,"IMG_8651.png,IMG_8652.png,IMG_8653.png,IMG_8654.png,IMG_8655.png,IMG_8656.png,IMG_8657.png,IMG_8658.png,IMG_8659.png,IMG_8660.png,IMG_8661.png,IMG_8662.png,IMG_8663.png,IMG_8664.png",阵发性室性心动过速、心室颤动、心室扑动和三度房室传导阻滞是随 时有猝死危险的心律失常。
X-23,X,23,,,下列关于压迫眼球法治疗阵发性室上性心动过速，说法正确的是,每次10秒,患者平卧,闭眼并眼球向下,高度近视者也可用此法,用拇指在一侧眶下压迫眼球,ABCE,P21,"IMG_8651.png,IMG_8652.png,IMG_8653.png,IMG_8654.png,IMG_8655.png,IMG_8656.png,IMG_8657.png,IMG_8658.png,IMG_8659.png,IMG_8660.png,IMG_8661.png,IMG_8662.png,IMG_8663.png,IMG_8664.png",嘱患者平卧闭眼向下看，用手指在眼眶下压迫眼球上部，先压右眼， 同时搭脉搏数心率，一旦心动过速停止，立即停止压迫。但切勿用力过太，每次10分钟， 压迫一侧无效再换对侧，切忌两侧同时压迫，青光眼、高度近视眼禁忌。
X-24,X,24,,,心脏起搏器安置术后护理措施正确的是,卧床3~5天,取平卧位或半卧位,随身携带“心脏起搏器卡”,静脉用抗生素5天,持续心电监护24小时,BCDE,P21,"IMG_8651.png,IMG_8652.png,IMG_8653.png,IMG_8654.png,IMG_8655.png,IMG_8656.png,IMG_8657.png,IMG_8658.png,IMG_8659.png,IMG_8660.png,IMG_8661.png,IMG_8662.png,IMG_8663.png,IMG_8664.png",心脏起搏器安置术后可心电监护24小时。卧床休息1~3天，取平卧 位、半卧位或稍向左侧卧位，并适当限制安装起搏导线上肢的活动，避免大幅度的外展、上 拾等动作，5天后应取坐位和下床活动，有利于起搏器固定于心室肌肉。做好患者的术后宣 教，包括如何观察起搏器工作情况和故障，定期复查的必要，日常生活中要随身携带“心 脏起搏器卡”等 25.DCE（解析】室性心动过速、急性心肌梗死、急性病毒性心肌炎患者需要绝对卧床 休息。动脉粥样硬化患者坚持适量的体力活动。根据自身情况、活动习惯、心脏功能来设定 活动强度，循序渐进。心功能I级的特点是体力活动轻度受限，休息时无症状，一般日常活 动即可出现心悸、气短、乏力、心绞痛。因此心功能I级患者不需要卧床。 六、案例分析题
X-25,X,25,,,下面哪些心血管病患者需要绝对卧床休息,动脉粥样硬化,心功能I级 —49-,,,,,P21,,
